"aa_new_seq","aa_position","aa_ref_seq","alignment_overlap","bias_e_value","bias_p_value","codon_new_seq","codon_number","codon_position","codon_ref_seq","consensus_reject","consensus_score","coverage_minus","coverage_plus","end","end_range","fisher_strand_p_value","flanking_left","flanking_right","frequency","gene_name","gene_position","gene_product","gene_strand","genes_inactivated","genes_overlapping","genes_promoter","ignore","insert_position","junction_possible_overlap_registers","key","ks_quality_p_value","left_inside_cov","left_outside_cov","locus_tag","locus_tags_inactivated","locus_tags_overlapping","locus_tags_promoter","major_base","major_cov","major_frequency","max_left","max_left_minus","max_left_plus","max_min_left","max_min_left_minus","max_min_left_plus","max_min_right","max_min_right_minus","max_min_right_plus","max_pos_hash_score","max_right","max_right_minus","max_right_plus","minor_base","minor_cov","mutation_category","neg_log10_pos_hash_p_value","new_base","new_cov_left","new_cov_right","new_junction_coverage","new_junction_read_count","new_read_count","new_read_count_basis","new_seq","overlap","polymorphism_frequency","polymorphism_score","pos_hash_score","position","position_end","position_start","prediction","ref_base","ref_cov_left","ref_cov_right","ref_read_count","ref_read_count_basis","ref_seq","reject","repeat_length","repeat_new_copies","repeat_ref_copies","repeat_seq","right_inside_cov","right_outside_cov","seq_id","side_1_annotate_key","side_1_continuation","side_1_coverage","side_1_gene_name","side_1_gene_position","side_1_gene_product","side_1_gene_strand","side_1_locus_tag","side_1_overlap","side_1_position","side_1_possible_overlap_registers","side_1_read_count","side_1_redundant","side_1_seq_id","side_1_strand","side_2_annotate_key","side_2_continuation","side_2_coverage","side_2_gene_name","side_2_gene_position","side_2_gene_product","side_2_gene_strand","side_2_locus_tag","side_2_overlap","side_2_position","side_2_possible_overlap_registers","side_2_read_count","side_2_redundant","side_2_seq_id","side_2_strand","size","snp_type","start","start_range","time","title","total_cov_left","total_cov_right","total_non_overlap_reads","transl_table","type","unique_read_sequence","breseq","deleted","multiple_polymorphic_SNPs_in_same_codon","total_new_cov","total_ref_cov","total_coverage","total_read_count"
NA,NA,NA,10,NA,NA,NA,NA,NA,NA,NA,NA,987,1432,NA,NA,NA,151,151,1,NA,NA,NA,NA,NA,NA,NA,NA,NA,134,"NC_008463.1__4345098__1__NC_008463.1__4355772__-1__10____151__151__0__0",NA,NA,NA,NA,NA,NA,NA,NA,NA,NA,140,137,140,69,69,67,69,69,69,270,140,138,140,NA,NA,NA,0,NA,NA,NA,22.66,2428,0,0,NA,0,0.9716,NA,139,NA,NA,NA,"consensus",NA,NA,NA,0,0,NA,NA,NA,NA,NA,NA,NA,NA,NA,"gene",0,0.5,"PA14_48870/PA14_48880","intergenic (-45/+61)","C32 tRNA thiolase/bacteriophage integrase","</<","PA14_48870/PA14_48880",10,4345098,144,58,0,"NC_008463.1",1,"gene",0,0.82,"PA14_49030/PA14_49040","intergenic (+917/-59)","hypothetical protein/hypothetical protein",">/>","PA14_49030/PA14_49040",0,4355762,134,88,0,"NC_008463.1",-1,NA,NA,NA,NA,-1,"output",NA,NA,2419,NA,"JC",NA,"B1_PA14_full",NA,NA,NA,NA,NA,0
NA,NA,NA,10,NA,NA,NA,NA,NA,NA,NA,NA,8,14,NA,NA,NA,151,151,0.1672,NA,NA,NA,NA,NA,NA,NA,NA,NA,134,"NC_008463.1__4345107__-1__NC_008463.1__4355763__1__10____151__151__0__0",NA,NA,NA,NA,NA,NA,NA,NA,NA,NA,121,60,121,62,60,62,47,0,47,270,118,118,118,NA,NA,NA,4.9,NA,NA,NA,0.21,22,0,0,NA,0,0.1672,NA,12,NA,NA,NA,"polymorphism",NA,NA,NA,0,0,NA,"COVERAGE_EVENNESS_SKEW,FREQUENCY_CUTOFF",NA,NA,NA,NA,NA,NA,NA,"gene",0,1.22,"PA14_48870/PA14_48880","intergenic (-54/+52)","C32 tRNA thiolase/bacteriophage integrase","</<","PA14_48870/PA14_48880",10,4345107,144,141,0,"NC_008463.1",-1,"gene",0,0.82,"PA14_49030/PA14_49040","intergenic (+928/-48)","hypothetical protein/hypothetical protein",">/>","PA14_49030/PA14_49040",0,4355773,134,88,0,"NC_008463.1",1,NA,NA,NA,NA,-1,"output",NA,NA,22,NA,"JC",NA,"B1_PA14_full",NA,NA,NA,NA,NA,0
NA,NA,NA,0,NA,NA,NA,NA,NA,NA,NA,NA,485,372,NA,NA,NA,151,151,0.3809,NA,NA,NA,NA,NA,NA,NA,NA,NA,144,"NC_008463.1__4353489__1__NC_008463.1__4353504__-1__0____151__151__0__0",NA,NA,NA,NA,NA,NA,NA,NA,NA,NA,148,148,143,74,73,74,74,72,74,290,148,148,147,NA,NA,NA,0,NA,NA,NA,7.48,861,0,0,NA,0,0.3809,NA,120,NA,NA,NA,"polymorphism",NA,NA,NA,0,0,NA,NA,NA,NA,NA,NA,NA,NA,NA,"gene",0,12.31,"pf5r","coding (231/267 nt)","Pf5 repressor C",">","PA14_49020",0,4353489,144,1417,0,"NC_008463.1",1,"gene",0,12,"pf5r","coding (246/267 nt)","Pf5 repressor C",">","PA14_49020",0,4353504,144,1382,0,"NC_008463.1",-1,NA,NA,NA,NA,-1,"output",NA,NA,857,NA,"JC",NA,"B1_PA14_full",NA,NA,NA,NA,NA,0
NA,NA,NA,NA,NA,NA,NA,NA,NA,NA,NA,NA,NA,NA,NA,NA,NA,NA,NA,NA,"PA14_48880–PA14_49030",NA,"PA14_48880,PA14_48890,PA14_48900,PA14_48910,PA14_48920,PA14_48930,coaB,PA14_48950,PA14_48960,PA14_48970,PA14_48980,PA14_48990,PA14_49000,xisF5,pf5r,PA14_49030",NA,"PA14_48880,PA14_48890,PA14_48900,PA14_48910,PA14_48920,PA14_48930,coaB,PA14_48950,PA14_48960,PA14_48970,PA14_48980,PA14_48990,PA14_49000,xisF5,pf5r,PA14_49030",NA,NA,NA,NA,NA,NA,NA,NA,NA,"[PA14_48880]–[PA14_49030]","PA14_48880,PA14_48890,PA14_48900,PA14_48910,PA14_48920,PA14_48930,PA14_48940,PA14_48950,PA14_48960,PA14_48970,PA14_48980,PA14_48990,PA14_49000,PA14_49010,PA14_49020,PA14_49030",NA,NA,NA,NA,NA,NA,NA,NA,NA,NA,NA,NA,NA,NA,NA,NA,NA,NA,NA,NA,"large_deletion",NA,NA,NA,NA,NA,NA,94,1,NA,NA,NA,NA,NA,4345108,4355772,4345108,NA,NA,NA,NA,0,2,"10665-bp",NA,NA,NA,NA,NA,NA,NA,"NC_008463.1",NA,NA,NA,NA,NA,NA,NA,NA,NA,NA,NA,NA,NA,NA,NA,NA,NA,NA,NA,NA,NA,NA,NA,NA,NA,NA,NA,NA,NA,NA,10665,NA,NA,NA,-1,"output",NA,NA,NA,NA,"DEL",NA,"delPf5_PA14_del_Pf5",NA,NA,NA,NA,NA,94
NA,NA,NA,10,NA,NA,NA,NA,NA,NA,NA,NA,37,56,NA,NA,NA,151,151,1,NA,NA,NA,NA,NA,NA,NA,NA,NA,137,"NC_008463.1__4345107__-1__NC_008463.1__4355763__1__10____151__151__0__0",NA,NA,NA,NA,NA,NA,NA,NA,NA,NA,134,130,134,61,54,61,62,49,62,276,135,134,135,NA,NA,NA,0.1,NA,NA,NA,0.98,94,0,0,NA,0,1,NA,45,NA,NA,NA,"consensus",NA,NA,NA,0,0,NA,NA,NA,NA,NA,NA,NA,NA,NA,"gene",0,0,"PA14_48870/PA14_48880","intergenic (-54/+52)","C32 tRNA thiolase/bacteriophage integrase","</<","PA14_48870/PA14_48880",10,4345107,147,0,0,"NC_008463.1",-1,"gene",0,0,"PA14_49030/PA14_49040","intergenic (+928/-48)","hypothetical protein/hypothetical protein",">/>","PA14_49030/PA14_49040",0,4355773,137,0,0,"NC_008463.1",1,NA,NA,NA,NA,-1,"output",NA,NA,93,NA,"JC",NA,"delPf5_PA14_del_Pf5",NA,NA,NA,NA,NA,0
NA,NA,NA,NA,NA,NA,NA,NA,NA,NA,NA,NA,NA,NA,NA,NA,NA,NA,NA,NA,"PA14_48880–PA14_49030",NA,"PA14_48880,PA14_48890,PA14_48900,PA14_48910,PA14_48920,PA14_48930,coaB,PA14_48950,PA14_48960,PA14_48970,PA14_48980,PA14_48990,PA14_49000,xisF5,pf5r,PA14_49030",NA,"PA14_48880,PA14_48890,PA14_48900,PA14_48910,PA14_48920,PA14_48930,coaB,PA14_48950,PA14_48960,PA14_48970,PA14_48980,PA14_48990,PA14_49000,xisF5,pf5r,PA14_49030",NA,NA,NA,NA,NA,NA,NA,NA,NA,"[PA14_48880]–[PA14_49030]","PA14_48880,PA14_48890,PA14_48900,PA14_48910,PA14_48920,PA14_48930,PA14_48940,PA14_48950,PA14_48960,PA14_48970,PA14_48980,PA14_48990,PA14_49000,PA14_49010,PA14_49020,PA14_49030",NA,NA,NA,NA,NA,NA,NA,NA,NA,NA,NA,NA,NA,NA,NA,NA,NA,NA,NA,NA,"large_deletion",NA,NA,NA,NA,NA,NA,96,1,NA,NA,NA,NA,NA,4345108,4355772,4345108,NA,NA,NA,NA,6,2,"10665-bp",NA,NA,NA,NA,NA,NA,NA,"NC_008463.1",NA,NA,NA,NA,NA,NA,NA,NA,NA,NA,NA,NA,NA,NA,NA,NA,NA,NA,NA,NA,NA,NA,NA,NA,NA,NA,NA,NA,NA,NA,10665,NA,NA,NA,-1,"output",NA,NA,NA,NA,"DEL",NA,"Pf5_cap_del_1_PA14_mini",NA,NA,NA,NA,NA,102
NA,NA,NA,10,NA,NA,NA,NA,NA,NA,NA,NA,50,45,NA,NA,NA,151,151,1,NA,NA,NA,NA,NA,NA,NA,NA,NA,138,"NC_008463.1__4345107__-1__NC_008463.1__4355763__1__10____151__151__0__0",NA,NA,NA,NA,NA,NA,NA,NA,NA,NA,136,136,132,61,60,61,60,60,46,276,138,138,135,NA,NA,NA,0.3,NA,NA,NA,0.95,96,0,0,NA,0,0.971,NA,45,NA,NA,NA,"consensus",NA,NA,NA,0,0,NA,NA,NA,NA,NA,NA,NA,NA,NA,"gene",0,0.04,"PA14_48870/PA14_48880","intergenic (-54/+52)","C32 tRNA thiolase/bacteriophage integrase","</<","PA14_48870/PA14_48880",10,4345107,148,4,0,"NC_008463.1",-1,"gene",0,0.02,"PA14_49030/PA14_49040","intergenic (+928/-48)","hypothetical protein/hypothetical protein",">/>","PA14_49030/PA14_49040",0,4355773,138,2,0,"NC_008463.1",1,NA,NA,NA,NA,-1,"output",NA,NA,95,NA,"JC",NA,"Pf5_cap_del_1_PA14_mini",NA,NA,NA,NA,NA,0
NA,NA,NA,0,NA,NA,NA,NA,NA,NA,NA,NA,5,5,NA,NA,NA,151,151,1,NA,NA,NA,NA,NA,NA,NA,NA,NA,148,"NC_008463.1__4348001__-1__NC_008463.1__4351997__1__0____151__151__0__0",NA,NA,NA,NA,NA,NA,NA,NA,NA,NA,137,137,70,70,56,70,43,43,0,296,148,95,148,NA,NA,NA,7.7,NA,NA,NA,0.09,10,0,0,NA,0,1,NA,7,NA,NA,NA,"consensus",NA,NA,NA,0,0,NA,"COVERAGE_EVENNESS_SKEW",NA,NA,NA,NA,NA,NA,NA,"gene",0,0,"PA14_48910","coding (985/1284 nt)","hypothetical protein","<","PA14_48910",0,4348001,148,0,0,"NC_008463.1",-1,"gene",0,0,"PA14_48970/PA14_48980","intergenic (-106/+29)","helix destabilizing protein of bacteriophage Pf1/hypothetical protein","</<","PA14_48970/PA14_48980",0,4351997,148,0,0,"NC_008463.1",1,NA,NA,NA,NA,-1,"output",NA,NA,10,NA,"JC",NA,"Pf5_cap_del_1_PA14_mini",NA,NA,NA,NA,NA,0
NA,NA,NA,0,NA,NA,NA,NA,NA,NA,NA,NA,4,4,NA,NA,NA,151,151,1,NA,NA,NA,NA,NA,NA,NA,NA,NA,148,"NC_008463.1__4353489__1__NC_008463.1__4353504__-1__0____151__151__0__0",NA,NA,NA,NA,NA,NA,NA,NA,NA,NA,147,147,73,71,68,71,73,73,28,296,106,83,106,NA,NA,NA,8.2,NA,NA,NA,0.07,8,0,0,NA,0,0.9412,NA,6,NA,NA,NA,"consensus",NA,NA,NA,0,0,NA,"COVERAGE_EVENNESS_SKEW",NA,NA,NA,NA,NA,NA,NA,"gene",0,0,"pf5r","coding (231/267 nt)","Pf5 repressor C",">","PA14_49020",0,4353489,148,0,0,"NC_008463.1",1,"gene",0,0.01,"pf5r","coding (246/267 nt)","Pf5 repressor C",">","PA14_49020",0,4353504,148,1,0,"NC_008463.1",-1,NA,NA,NA,NA,-1,"output",NA,NA,8,NA,"JC",NA,"Pf5_cap_del_1_PA14_mini",NA,NA,NA,NA,NA,0
NA,NA,NA,NA,NA,NA,NA,NA,NA,NA,NA,NA,NA,NA,NA,NA,NA,NA,NA,NA,"pf5r","coding (246/267 nt)","Pf5 repressor C",">",NA,"pf5r",NA,NA,1,NA,NA,NA,NA,NA,"PA14_49020",NA,"PA14_49020",NA,NA,NA,NA,NA,NA,NA,NA,NA,NA,NA,NA,NA,NA,NA,NA,NA,NA,NA,"small_indel",NA,NA,NA,NA,NA,NA,34844,1,"GGCCAACCGAAACTTG",NA,NA,NA,NA,4353504,4353504,4353504,NA,NA,NA,NA,16761,2,"G",NA,16,2,1,"GGCCAACCGAAACTTG",NA,NA,"NC_008463.1",NA,NA,NA,NA,NA,NA,NA,NA,NA,NA,NA,NA,NA,NA,NA,NA,NA,NA,NA,NA,NA,NA,NA,NA,NA,NA,NA,NA,NA,NA,NA,NA,NA,NA,-1,"output",NA,NA,NA,NA,"INS",NA,"new_G1_PA14_full_mini",NA,NA,NA,NA,NA,51605
NA,NA,NA,10,NA,NA,NA,NA,NA,NA,NA,NA,12439,23237,NA,NA,NA,149,149,1,NA,NA,NA,NA,NA,NA,NA,NA,NA,131,"NC_008463.1__4345098__1__NC_008463.1__4355772__-1__10____149__149__0__0",NA,NA,NA,NA,NA,NA,NA,NA,NA,NA,138,138,138,69,69,69,69,69,69,264,138,138,136,NA,NA,NA,0,NA,NA,NA,139.17,36244,0,0,NA,0,0.9965,NA,228,NA,NA,NA,"consensus",NA,NA,NA,0,0,NA,NA,NA,NA,NA,NA,NA,NA,NA,"gene",0,0.55,"PA14_48870/PA14_48880","intergenic (-45/+61)","C32 tRNA thiolase/bacteriophage integrase","</<","PA14_48870/PA14_48880",10,4345098,141,153,0,"NC_008463.1",1,"gene",0,0.45,"PA14_49030/PA14_49040","intergenic (+917/-59)","hypothetical protein/hypothetical protein",">/>","PA14_49030/PA14_49040",0,4355762,131,116,0,"NC_008463.1",-1,NA,NA,NA,NA,-1,"output",NA,NA,35676,NA,"JC",NA,"new_G1_PA14_full_mini",NA,NA,NA,NA,NA,0
NA,NA,NA,10,NA,NA,NA,NA,NA,NA,NA,NA,31,26,NA,NA,NA,149,149,0.05784,NA,NA,NA,NA,NA,NA,NA,NA,NA,131,"NC_008463.1__4345107__-1__NC_008463.1__4355763__1__10____149__149__0__0",NA,NA,NA,NA,NA,NA,NA,NA,NA,NA,137,137,132,67,66,67,67,67,67,264,136,136,124,NA,NA,NA,2.6,NA,NA,NA,0.22,58,0,0,NA,0,0.05784,NA,41,NA,NA,NA,"polymorphism",NA,NA,NA,0,0,NA,"FREQUENCY_CUTOFF",NA,NA,NA,NA,NA,NA,NA,"gene",0,6.81,"PA14_48870/PA14_48880","intergenic (-54/+52)","C32 tRNA thiolase/bacteriophage integrase","</<","PA14_48870/PA14_48880",10,4345107,141,1909,0,"NC_008463.1",-1,"gene",0,0.45,"PA14_49030/PA14_49040","intergenic (+928/-48)","hypothetical protein/hypothetical protein",">/>","PA14_49030/PA14_49040",0,4355773,131,116,0,"NC_008463.1",1,NA,NA,NA,NA,-1,"output",NA,NA,57,NA,"JC",NA,"new_G1_PA14_full_mini",NA,NA,NA,NA,NA,0
NA,NA,NA,2,NA,NA,NA,NA,NA,NA,NA,NA,9,9,NA,NA,NA,149,149,0.0004681,NA,NA,NA,NA,NA,NA,NA,NA,NA,139,"NC_008463.1__4345464__1__NC_008463.1__4353678__-1__2____149__149__0__0",NA,NA,NA,NA,NA,NA,NA,NA,NA,NA,146,146,143,13,0,13,54,54,54,280,145,54,145,NA,NA,NA,11.8,NA,NA,NA,0.07,19,0,0,NA,0,0.0004681,NA,9,NA,NA,NA,"polymorphism",NA,NA,NA,0,0,NA,"COVERAGE_EVENNESS_SKEW,FREQUENCY_CUTOFF",NA,NA,NA,NA,NA,NA,NA,"gene",0,141.84,"PA14_48880","coding (712/1017 nt)","bacteriophage integrase","<","PA14_48880",2,4345464,141,39760,0,"NC_008463.1",1,"gene",0,151.79,"pf5r/PA14_49030","intergenic (+151/-138)","Pf5 repressor C/hypothetical protein",">/>","PA14_49020/PA14_49030",0,4353676,139,41946,0,"NC_008463.1",-1,NA,NA,NA,NA,-1,"output",NA,NA,18,NA,"JC",NA,"new_G1_PA14_full_mini",NA,NA,NA,NA,NA,0
NA,NA,NA,1,NA,NA,NA,NA,NA,NA,NA,NA,7,3,NA,NA,NA,149,149,0.0003263,NA,NA,NA,NA,NA,NA,NA,NA,NA,140,"NC_008463.1__4345672__1__NC_008463.1__4345857__-1__1____149__149__0__0",NA,NA,NA,NA,NA,NA,NA,NA,NA,NA,145,145,79,1,0,1,38,38,38,282,146,38,146,NA,NA,NA,13.6,NA,NA,NA,0.04,11,0,0,NA,0,0.0003263,NA,6,NA,NA,NA,"polymorphism",NA,NA,NA,0,0,NA,"COVERAGE_EVENNESS_SKEW,FREQUENCY_CUTOFF",NA,NA,NA,NA,NA,NA,NA,"gene",0,128.98,"PA14_48880","coding (504/1017 nt)","bacteriophage integrase","<","PA14_48880",1,4345672,141,36154,0,"NC_008463.1",1,"gene",0,113.22,"PA14_48880","coding (320/1017 nt)","bacteriophage integrase","<","PA14_48880",0,4345856,140,31513,0,"NC_008463.1",-1,NA,NA,NA,NA,-1,"output",NA,NA,10,NA,"JC",NA,"new_G1_PA14_full_mini",NA,NA,NA,NA,NA,0
NA,NA,NA,0,NA,NA,NA,NA,NA,NA,NA,NA,353,3,NA,NA,NA,149,149,0.008724,NA,NA,NA,NA,NA,NA,NA,NA,NA,141,"NC_008463.1__4345842__1__NC_008463.1__4353321__-1__0____149__149__0__0",NA,NA,NA,NA,NA,NA,NA,NA,NA,NA,148,148,84,1,0,1,52,52,52,284,146,52,146,NA,NA,NA,12.5,NA,NA,NA,1.31,367,0,0,NA,0,0.008724,NA,8,NA,NA,NA,"polymorphism",NA,NA,NA,0,0,NA,"COVERAGE_EVENNESS_SKEW,FREQUENCY_CUTOFF",NA,NA,NA,NA,NA,NA,NA,"gene",0,110.51,"PA14_48880","coding (334/1017 nt)","bacteriophage integrase","<","PA14_48880",0,4345842,141,30976,0,"NC_008463.1",1,"gene",0,187.04,"pf5r","coding (63/267 nt)","Pf5 repressor C",">","PA14_49020",0,4353321,141,52430,0,"NC_008463.1",-1,NA,NA,NA,NA,-1,"output",NA,NA,356,NA,"JC",NA,"new_G1_PA14_full_mini",NA,NA,NA,NA,NA,0
NA,NA,NA,0,NA,NA,NA,NA,NA,NA,NA,NA,12970,14634,NA,NA,NA,149,149,0.7942,NA,NA,NA,NA,NA,NA,NA,NA,NA,141,"NC_008463.1__4347992__-1__NC_008463.1__4352028__1__0____149__149__0__0",NA,NA,NA,NA,NA,NA,NA,NA,NA,NA,148,148,147,74,73,74,74,74,74,284,148,148,148,NA,NA,NA,0,NA,NA,NA,100.01,28035,0,0,NA,0,0.7942,NA,262,NA,NA,NA,"polymorphism",NA,NA,NA,0,0,NA,NA,NA,NA,NA,NA,NA,NA,NA,"gene",0,27.88,"PA14_48910","coding (994/1284 nt)","hypothetical protein","<","PA14_48910",0,4347992,141,7816,0,"NC_008463.1",-1,"gene",0,23.94,"PA14_48980","coding (376/378 nt)","hypothetical protein","<","PA14_48980",0,4352028,141,6712,0,"NC_008463.1",1,NA,NA,NA,NA,-1,"output",NA,NA,27604,NA,"JC",NA,"new_G1_PA14_full_mini",NA,NA,NA,NA,NA,0
NA,NA,NA,10,NA,NA,NA,NA,NA,NA,NA,NA,7,11,NA,NA,NA,149,149,0.0009491,NA,NA,NA,NA,NA,NA,NA,NA,NA,131,"NC_008463.1__4352105__1__NC_008463.1__4352118__1__10____149__149__0__0",NA,NA,NA,NA,NA,NA,NA,NA,NA,NA,138,135,138,15,15,14,12,9,12,264,137,124,137,NA,NA,NA,8.2,NA,NA,NA,0.07,18,0,0,NA,0,0.0009491,NA,16,NA,NA,NA,"polymorphism",NA,NA,NA,0,0,NA,"COVERAGE_EVENNESS_SKEW,FREQUENCY_CUTOFF",NA,NA,NA,NA,NA,NA,NA,"gene",0,66.14,"PA14_48980","coding (299/378 nt)","hypothetical protein","<","PA14_48980",10,4352105,141,18539,0,"NC_008463.1",1,"gene",0,79.37,"PA14_48980","coding (276/378 nt)","hypothetical protein","<","PA14_48980",0,4352128,131,20670,0,"NC_008463.1",1,NA,NA,NA,NA,-1,"output",NA,NA,18,NA,"JC",NA,"new_G1_PA14_full_mini",NA,NA,NA,NA,NA,0
NA,NA,NA,5,NA,NA,NA,NA,NA,NA,NA,NA,8,13,NA,NA,NA,149,149,0.0007283,NA,NA,NA,NA,NA,NA,NA,NA,NA,136,"NC_008463.1__4352189__1__NC_008463.1__4352219__1__5____149__149__0__0",NA,NA,NA,NA,NA,NA,NA,NA,NA,NA,143,141,143,26,26,26,6,6,6,274,86,86,86,NA,NA,NA,12.1,NA,NA,NA,0.09,23,0,0,NA,0,0.0007283,NA,8,NA,NA,NA,"polymorphism",NA,NA,NA,0,0,NA,"COVERAGE_EVENNESS_SKEW,FREQUENCY_CUTOFF",NA,NA,NA,NA,NA,NA,NA,"gene",0,113.46,"PA14_48980","coding (215/378 nt)","hypothetical protein","<","PA14_48980",5,4352189,141,31803,0,"NC_008463.1",1,"gene",0,119.99,"PA14_48980","coding (180/378 nt)","hypothetical protein","<","PA14_48980",0,4352224,136,32441,0,"NC_008463.1",1,NA,NA,NA,NA,-1,"output",NA,NA,21,NA,"JC",NA,"new_G1_PA14_full_mini",NA,NA,NA,NA,NA,0
NA,NA,NA,3,NA,NA,NA,NA,NA,NA,NA,NA,10,6,NA,NA,NA,149,149,0.0003956,NA,NA,NA,NA,NA,NA,NA,NA,NA,138,"NC_008463.1__4353140__-1__NC_008463.1__4353141__1__3____149__149__0__0",NA,NA,NA,NA,NA,NA,NA,NA,NA,NA,145,145,145,48,0,48,34,34,7,278,97,34,97,NA,NA,NA,12.8,NA,NA,NA,0.07,18,0,0,NA,0,0.0003956,NA,7,NA,NA,NA,"polymorphism",NA,NA,NA,0,0,NA,"COVERAGE_EVENNESS_SKEW,FREQUENCY_CUTOFF",NA,NA,NA,NA,NA,NA,NA,"gene",0,165.76,"xisF5/pf5r","intergenic (-9/-119)","Pf5 prophage excisionase, XisF5/Pf5 repressor C","</>","PA14_49010/PA14_49020",3,4353140,141,46464,0,"NC_008463.1",-1,"gene",0,165.77,"xisF5/pf5r","intergenic (-13/-115)","Pf5 prophage excisionase, XisF5/Pf5 repressor C","</>","PA14_49010/PA14_49020",0,4353144,138,45479,0,"NC_008463.1",1,NA,NA,NA,NA,-1,"output",NA,NA,16,NA,"JC",NA,"new_G1_PA14_full_mini",NA,NA,NA,NA,NA,0
NA,NA,NA,-16,NA,NA,NA,NA,NA,NA,NA,NA,9,36,NA,NA,NA,149,149,0.006799,NA,NA,NA,NA,NA,NA,NA,NA,NA,125,"NC_008463.1__4353488__-1__NC_008463.1__4353489__1__-16__TGCCAACCGAAACTTG__149__149__0__0",NA,NA,NA,NA,NA,NA,NA,NA,NA,NA,128,114,128,62,53,62,66,66,66,252,127,79,127,NA,NA,NA,4.7,NA,NA,NA,0.21,51,0,0,NA,-16,0.006799,NA,27,NA,NA,NA,"polymorphism",NA,NA,NA,0,0,NA,"COVERAGE_EVENNESS_SKEW,FREQUENCY_CUTOFF",NA,NA,NA,NA,NA,NA,NA,"gene",0,29.98,"pf5r","coding (230/267 nt)","Pf5 repressor C",">","PA14_49020",0,4353488,141,8404,0,"NC_008463.1",-1,"gene",0,29.98,"pf5r","coding (231/267 nt)","Pf5 repressor C",">","PA14_49020",0,4353489,141,8404,0,"NC_008463.1",1,NA,NA,NA,NA,-1,"output",NA,NA,45,NA,"JC","TGCCAACCGAAACTTG","new_G1_PA14_full_mini",NA,NA,NA,NA,NA,0
NA,NA,NA,0,NA,NA,NA,NA,NA,NA,NA,NA,19388,14865,NA,NA,NA,149,149,1,NA,NA,NA,NA,NA,NA,NA,NA,NA,141,"NC_008463.1__4353489__1__NC_008463.1__4353504__-1__0____149__149__0__0",NA,NA,NA,NA,NA,NA,NA,NA,NA,NA,148,147,148,74,74,74,74,74,74,284,148,147,148,NA,NA,NA,0,NA,NA,NA,124.3,34844,0,0,NA,0,0.8061,NA,256,NA,NA,NA,"consensus",NA,NA,NA,0,0,NA,NA,NA,NA,NA,NA,NA,NA,NA,"gene",0,30.01,"pf5r","coding (231/267 nt)","Pf5 repressor C",">","PA14_49020",0,4353489,141,8411,0,"NC_008463.1",1,"gene",0,29.79,"pf5r","coding (246/267 nt)","Pf5 repressor C",">","PA14_49020",0,4353504,141,8350,0,"NC_008463.1",-1,NA,NA,NA,NA,-1,"output",NA,NA,34253,NA,"JC",NA,"new_G1_PA14_full_mini",NA,NA,NA,NA,NA,0
NA,NA,NA,3,NA,NA,NA,NA,NA,NA,NA,NA,3,11,NA,NA,NA,149,149,0.0004297,NA,NA,NA,NA,NA,NA,NA,NA,NA,138,"NC_008463.1__4353829__-1__NC_008463.1__4354051__-1__3____149__149__0__0",NA,NA,NA,NA,NA,NA,NA,NA,NA,NA,145,145,42,42,42,42,1,1,0,278,145,103,145,NA,NA,NA,14.2,NA,NA,NA,0.06,16,0,0,NA,0,0.0004297,NA,5,NA,NA,NA,"polymorphism",NA,NA,NA,0,0,NA,"COVERAGE_EVENNESS_SKEW,FREQUENCY_CUTOFF",NA,NA,NA,NA,NA,NA,NA,"gene",0,137.67,"PA14_49030","coding (16/1032 nt)","hypothetical protein",">","PA14_49030",3,4353829,141,38591,0,"NC_008463.1",-1,"gene",0,133.68,"PA14_49030","coding (235/1032 nt)","hypothetical protein",">","PA14_49030",0,4354048,138,36674,0,"NC_008463.1",-1,NA,NA,NA,NA,-1,"output",NA,NA,14,NA,"JC",NA,"new_G1_PA14_full_mini",NA,NA,NA,NA,NA,0
NA,NA,NA,0,NA,NA,NA,NA,NA,NA,NA,NA,6,6,NA,NA,NA,149,149,0.0003671,NA,NA,NA,NA,NA,NA,NA,NA,NA,141,"NC_008463.1__4353873__1__NC_008463.1__4354388__1__0____149__149__0__0",NA,NA,NA,NA,NA,NA,NA,NA,NA,NA,146,146,50,62,62,50,2,2,0,284,147,87,147,NA,NA,NA,13.1,NA,NA,NA,0.05,14,0,0,NA,0,0.0003671,NA,7,NA,NA,NA,"polymorphism",NA,NA,NA,0,0,NA,"COVERAGE_EVENNESS_SKEW,FREQUENCY_CUTOFF",NA,NA,NA,NA,NA,NA,NA,"gene",0,129.55,"PA14_49030","coding (60/1032 nt)","hypothetical protein",">","PA14_49030",0,4353873,141,36315,0,"NC_008463.1",1,"gene",0,142.46,"PA14_49030","coding (575/1032 nt)","hypothetical protein",">","PA14_49030",0,4354388,141,39932,0,"NC_008463.1",1,NA,NA,NA,NA,-1,"output",NA,NA,12,NA,"JC",NA,"new_G1_PA14_full_mini",NA,NA,NA,NA,NA,0
NA,NA,NA,NA,NA,NA,NA,NA,NA,NA,NA,NA,NA,NA,NA,NA,NA,NA,NA,NA,"pilA","coding (482/540 nt)","type IV pilin structural subunit","<",NA,"pilA",NA,NA,NA,NA,NA,NA,NA,NA,"PA14_58730",NA,"PA14_58730",NA,NA,NA,NA,NA,NA,NA,NA,NA,NA,NA,NA,NA,NA,NA,NA,NA,NA,NA,"small_indel",NA,NA,NA,NA,NA,NA,75,1,NA,NA,NA,NA,NA,5233501,5233501,5233501,NA,NA,NA,NA,0,1,"A",NA,NA,NA,NA,NA,NA,NA,"NC_008463.1",NA,NA,NA,NA,NA,NA,NA,NA,NA,NA,NA,NA,NA,NA,NA,NA,NA,NA,NA,NA,NA,NA,NA,NA,NA,NA,NA,NA,NA,NA,1,NA,NA,NA,-1,"output",NA,NA,NA,NA,"DEL",NA,"pilA_PA14_del_pilA",NA,NA,NA,NA,NA,75
NA,NA,NA,NA,NA,NA,NA,NA,NA,NA,NA,NA,NA,NA,NA,NA,NA,NA,NA,NA,"[pilA]",NA,"[pilA]",NA,NA,"pilA",NA,NA,NA,NA,NA,NA,NA,NA,"[PA14_58730]",NA,"PA14_58730",NA,NA,NA,NA,NA,NA,NA,NA,NA,NA,NA,NA,NA,NA,NA,NA,NA,NA,NA,"large_deletion",NA,NA,NA,NA,NA,NA,88,1,NA,NA,NA,NA,NA,5233508,5234031,5233508,NA,NA,NA,NA,0,2,"524-bp",NA,NA,NA,NA,NA,NA,NA,"NC_008463.1",NA,NA,NA,NA,NA,NA,NA,NA,NA,NA,NA,NA,NA,NA,NA,NA,NA,NA,NA,NA,NA,NA,NA,NA,NA,NA,NA,NA,NA,NA,524,NA,NA,NA,-1,"output",NA,NA,NA,NA,"DEL",NA,"pilA_PA14_del_pilA",NA,NA,NA,NA,NA,88
NA,NA,NA,NA,NA,NA,NA,NA,NA,NA,NA,NA,NA,NA,NA,NA,NA,NA,NA,NA,"pilA/PA14_58740","intergenic (-80/+13)","type IV pilin structural subunit/hypothetical protein","</<",NA,NA,"pilA",NA,NA,NA,NA,NA,NA,NA,"PA14_58730/PA14_58740",NA,NA,"PA14_58730",NA,NA,NA,NA,NA,NA,NA,NA,NA,NA,NA,NA,NA,NA,NA,NA,NA,NA,"snp_intergenic",NA,NA,NA,NA,NA,NA,99,1,"T",NA,NA,NA,NA,5234062,5234062,5234062,NA,NA,NA,NA,0,1,"C",NA,NA,NA,NA,NA,NA,NA,"NC_008463.1",NA,NA,NA,NA,NA,NA,NA,NA,NA,NA,NA,NA,NA,NA,NA,NA,NA,NA,NA,NA,NA,NA,NA,NA,NA,NA,NA,NA,NA,NA,NA,"intergenic",NA,NA,-1,"output",NA,NA,NA,NA,"SNP",NA,"pilA_PA14_del_pilA",NA,NA,NA,NA,NA,99
NA,NA,NA,NA,NA,NA,NA,NA,NA,NA,NA,363.6,NA,NA,NA,NA,NA,NA,NA,1,"pilA","coding (482/540 nt)","type IV pilin structural subunit","<",NA,NA,NA,NA,0,NA,NA,NA,NA,NA,"PA14_58730",NA,NA,NA,".","51/24",1,NA,NA,NA,NA,NA,NA,NA,NA,NA,NA,NA,NA,NA,"N","0/0",NA,NA,".",51,24,NA,NA,0,0,NA,NA,1,NA,NA,5233501,NA,NA,"consensus","A",0,0,0,0,NA,NA,NA,NA,NA,NA,NA,NA,"NC_008463.1",NA,NA,NA,NA,NA,NA,NA,NA,NA,NA,NA,NA,NA,NA,NA,NA,NA,NA,NA,NA,NA,NA,NA,NA,NA,NA,NA,NA,NA,NA,NA,NA,NA,NA,-1,"output",51,24,NA,NA,"RA",NA,"pilA_PA14_del_pilA",NA,NA,75,0,75,0
NA,NA,NA,NA,6537560,1,NA,NA,NA,NA,NA,359.1,NA,NA,NA,NA,1,NA,NA,1,"pilA/PA14_58740","intergenic (-80/+13)","type IV pilin structural subunit/hypothetical protein","</<",NA,NA,NA,NA,0,NA,NA,1,NA,NA,"PA14_58730/PA14_58740",NA,NA,NA,"T","52/47",0.99,NA,NA,NA,NA,NA,NA,NA,NA,NA,NA,NA,NA,NA,"A","1/0",NA,NA,"T",52,47,NA,NA,0,0,NA,NA,0.99,NA,NA,5234062,NA,NA,"consensus","C",0,0,0,0,NA,NA,NA,NA,NA,NA,NA,NA,"NC_008463.1",NA,NA,NA,NA,NA,NA,NA,NA,NA,NA,NA,NA,NA,NA,NA,NA,NA,NA,NA,NA,NA,NA,NA,NA,NA,NA,NA,NA,NA,NA,NA,"intergenic",NA,NA,-1,"output",54,47,NA,NA,"RA",NA,"pilA_PA14_del_pilA",NA,NA,99,0,101,0
NA,NA,NA,2,NA,NA,NA,NA,NA,NA,NA,NA,51,26,NA,NA,NA,149,149,1,NA,NA,NA,NA,NA,NA,NA,NA,NA,144,"NC_008463.1__5233507__-1__NC_008463.1__5234030__1__2____149__149__0__0",NA,NA,NA,NA,NA,NA,NA,NA,NA,NA,146,132,146,68,68,59,74,74,64,290,146,135,146,NA,NA,NA,0.2,NA,NA,NA,1.48,88,0,0,NA,0,1,NA,37,NA,NA,NA,"consensus",NA,NA,NA,0,0,NA,NA,NA,NA,NA,NA,NA,NA,NA,"gene",0,0,"pilA","coding (476/540 nt)","type IV pilin structural subunit","<","PA14_58730",2,5233507,146,0,0,"NC_008463.1",-1,"gene",0,0,"pilA/PA14_58740","intergenic (-50/+43)","type IV pilin structural subunit/hypothetical protein","</<","PA14_58730/PA14_58740",0,5234032,144,0,0,"NC_008463.1",1,NA,NA,NA,NA,-1,"output",NA,NA,77,NA,"JC",NA,"pilA_PA14_del_pilA",NA,NA,NA,NA,NA,0
NA,NA,NA,10,NA,NA,NA,NA,NA,NA,NA,NA,3758,6798,NA,NA,NA,149,149,1,NA,NA,NA,NA,NA,NA,NA,NA,NA,132,"NC_008463.1__4345098__1__NC_008463.1__4355772__-1__10____149__149__0__0",NA,NA,NA,NA,NA,NA,NA,NA,NA,NA,138,137,138,69,69,68,69,69,69,264,138,138,136,NA,NA,NA,0,NA,NA,NA,55.28,10718,0,0,NA,0,0.9875,NA,192,NA,NA,NA,"consensus",NA,NA,NA,0,0,NA,NA,NA,NA,NA,NA,NA,NA,NA,"gene",0,0.7,"PA14_48870/PA14_48880","intergenic (-45/+61)","C32 tRNA thiolase/bacteriophage integrase","</<","PA14_48870/PA14_48880",10,4345098,142,145,0,"NC_008463.1",1,"gene",0,0.71,"PA14_49030/PA14_49040","intergenic (+917/-59)","hypothetical protein/hypothetical protein",">/>","PA14_49030/PA14_49040",0,4355762,132,137,0,"NC_008463.1",-1,NA,NA,NA,NA,-1,"output",NA,NA,10556,NA,"JC",NA,"new_G1_PA14_full_mini_5",NA,NA,NA,NA,NA,0
NA,NA,NA,10,NA,NA,NA,NA,NA,NA,NA,NA,10,25,NA,NA,NA,149,149,0.08925,NA,NA,NA,NA,NA,NA,NA,NA,NA,132,"NC_008463.1__4345107__-1__NC_008463.1__4355763__1__10____149__149__0__0",NA,NA,NA,NA,NA,NA,NA,NA,NA,NA,125,125,102,66,66,60,60,46,60,264,136,136,122,NA,NA,NA,4.5,NA,NA,NA,0.19,36,0,0,NA,0,0.08925,NA,24,NA,NA,NA,"polymorphism",NA,NA,NA,0,0,NA,"COVERAGE_EVENNESS_SKEW,FREQUENCY_CUTOFF",NA,NA,NA,NA,NA,NA,NA,"gene",0,3.08,"PA14_48870/PA14_48880","intergenic (-54/+52)","C32 tRNA thiolase/bacteriophage integrase","</<","PA14_48870/PA14_48880",10,4345107,142,643,0,"NC_008463.1",-1,"gene",0,0.71,"PA14_49030/PA14_49040","intergenic (+928/-48)","hypothetical protein/hypothetical protein",">/>","PA14_49030/PA14_49040",0,4355773,132,137,0,"NC_008463.1",1,NA,NA,NA,NA,-1,"output",NA,NA,35,NA,"JC",NA,"new_G1_PA14_full_mini_5",NA,NA,NA,NA,NA,0
NA,NA,NA,0,NA,NA,NA,NA,NA,NA,NA,NA,2929,2192,NA,NA,NA,149,149,0.3979,NA,NA,NA,NA,NA,NA,NA,NA,NA,142,"NC_008463.1__4353489__1__NC_008463.1__4353504__-1__0____149__149__0__0",NA,NA,NA,NA,NA,NA,NA,NA,NA,NA,147,147,144,74,73,74,74,74,74,284,148,147,148,NA,NA,NA,0,NA,NA,NA,24.97,5209,0,0,NA,0,0.3979,NA,208,NA,NA,NA,"polymorphism",NA,NA,NA,0,0,NA,NA,NA,NA,NA,NA,NA,NA,NA,"gene",0,37.94,"pf5r","coding (231/267 nt)","Pf5 repressor C",">","PA14_49020",0,4353489,142,7914,0,"NC_008463.1",1,"gene",0,37.64,"pf5r","coding (246/267 nt)","Pf5 repressor C",">","PA14_49020",0,4353504,142,7850,0,"NC_008463.1",-1,NA,NA,NA,NA,-1,"output",NA,NA,5121,NA,"JC",NA,"new_G1_PA14_full_mini_5",NA,NA,NA,NA,NA,0
NA,NA,NA,NA,NA,NA,NA,NA,NA,NA,NA,NA,NA,NA,NA,NA,NA,NA,NA,NA,"pf5r","coding (246/267 nt)","Pf5 repressor C",">",NA,"pf5r",NA,NA,1,NA,NA,NA,NA,NA,"PA14_49020",NA,"PA14_49020",NA,NA,NA,NA,NA,NA,NA,NA,NA,NA,NA,NA,NA,NA,NA,NA,NA,NA,NA,"small_indel",NA,NA,NA,NA,NA,NA,14170,1,"GGCCAACCGAAACTTG",NA,NA,NA,NA,4353504,4353504,4353504,NA,NA,NA,NA,2524,2,"G",NA,16,2,1,"GGCCAACCGAAACTTG",NA,NA,"NC_008463.1",NA,NA,NA,NA,NA,NA,NA,NA,NA,NA,NA,NA,NA,NA,NA,NA,NA,NA,NA,NA,NA,NA,NA,NA,NA,NA,NA,NA,NA,NA,NA,NA,NA,NA,-1,"output",NA,NA,NA,NA,"INS",NA,"old_G1_PA14_full_mini_2",NA,NA,NA,NA,NA,16694
NA,NA,NA,10,NA,NA,NA,NA,NA,NA,NA,NA,5869,9552,NA,NA,NA,151,151,1,NA,NA,NA,NA,NA,NA,NA,NA,NA,135,"NC_008463.1__4345098__1__NC_008463.1__4355772__-1__10____151__151__0__0",NA,NA,NA,NA,NA,NA,NA,NA,NA,NA,140,137,140,70,69,70,70,70,70,270,140,138,140,NA,NA,NA,0,NA,NA,NA,131.3,15518,0,0,NA,0,0.9982,NA,203,NA,NA,NA,"consensus",NA,NA,NA,0,0,NA,NA,NA,NA,NA,NA,NA,NA,NA,"gene",0,0.2,"PA14_48870/PA14_48880","intergenic (-45/+61)","C32 tRNA thiolase/bacteriophage integrase","</<","PA14_48870/PA14_48880",10,4345098,145,25,0,"NC_008463.1",1,"gene",0,0.27,"PA14_49030/PA14_49040","intergenic (+917/-59)","hypothetical protein/hypothetical protein",">/>","PA14_49030/PA14_49040",0,4355762,135,32,0,"NC_008463.1",-1,NA,NA,NA,NA,-1,"output",NA,NA,15421,NA,"JC",NA,"old_G1_PA14_full_mini_2",NA,NA,NA,NA,NA,0
NA,NA,NA,10,NA,NA,NA,NA,NA,NA,NA,NA,32,39,NA,NA,NA,151,151,0.1938,NA,NA,NA,NA,NA,NA,NA,NA,NA,135,"NC_008463.1__4345107__-1__NC_008463.1__4355763__1__10____151__151__0__0",NA,NA,NA,NA,NA,NA,NA,NA,NA,NA,132,130,132,66,60,66,64,64,47,270,138,138,124,NA,NA,NA,0.3,NA,NA,NA,0.6,71,0,0,NA,0,0.1938,NA,42,NA,NA,NA,"polymorphism",NA,NA,NA,0,0,NA,"FREQUENCY_CUTOFF",NA,NA,NA,NA,NA,NA,NA,"gene",0,4.73,"PA14_48870/PA14_48880","intergenic (-54/+52)","C32 tRNA thiolase/bacteriophage integrase","</<","PA14_48870/PA14_48880",10,4345107,145,600,0,"NC_008463.1",-1,"gene",0,0.27,"PA14_49030/PA14_49040","intergenic (+928/-48)","hypothetical protein/hypothetical protein",">/>","PA14_49030/PA14_49040",0,4355773,135,32,0,"NC_008463.1",1,NA,NA,NA,NA,-1,"output",NA,NA,71,NA,"JC",NA,"old_G1_PA14_full_mini_2",NA,NA,NA,NA,NA,0
NA,NA,NA,0,NA,NA,NA,NA,NA,NA,NA,NA,8104,5586,NA,NA,NA,151,151,1,NA,NA,NA,NA,NA,NA,NA,NA,NA,145,"NC_008463.1__4348001__-1__NC_008463.1__4351997__1__0____151__151__0__0",NA,NA,NA,NA,NA,NA,NA,NA,NA,NA,149,149,149,75,75,74,75,75,75,290,149,149,149,NA,NA,NA,0,NA,NA,NA,108.62,13788,0,0,NA,0,0.9812,NA,236,NA,NA,NA,"consensus",NA,NA,NA,0,0,NA,NA,NA,NA,NA,NA,NA,NA,NA,"gene",0,2.17,"PA14_48910","coding (985/1284 nt)","hypothetical protein","<","PA14_48910",0,4348001,145,275,0,"NC_008463.1",-1,"gene",0,1.99,"PA14_48970/PA14_48980","intergenic (-106/+29)","helix destabilizing protein of bacteriophage Pf1/hypothetical protein","</<","PA14_48970/PA14_48980",0,4351997,145,253,0,"NC_008463.1",1,NA,NA,NA,NA,-1,"output",NA,NA,13690,NA,"JC",NA,"old_G1_PA14_full_mini_2",NA,NA,NA,NA,NA,0
NA,NA,NA,-16,NA,NA,NA,NA,NA,NA,NA,NA,6,3,NA,NA,NA,151,151,0.007119,NA,NA,NA,NA,NA,NA,NA,NA,NA,129,"NC_008463.1__4353488__-1__NC_008463.1__4353489__1__-16__NGCCAACCGAAACTTG__151__151__0__0",NA,NA,NA,NA,NA,NA,NA,NA,NA,NA,98,98,56,56,0,56,35,35,0,258,83,35,83,NA,NA,NA,5.4,NA,NA,NA,0.08,9,0,0,NA,-16,0.007119,NA,4,NA,NA,NA,"polymorphism",NA,NA,NA,0,0,NA,"COVERAGE_EVENNESS_SKEW,FREQUENCY_CUTOFF",NA,NA,NA,NA,NA,NA,NA,"gene",0,11.12,"pf5r","coding (230/267 nt)","Pf5 repressor C",">","PA14_49020",0,4353488,145,1411,0,"NC_008463.1",-1,"gene",0,11.12,"pf5r","coding (231/267 nt)","Pf5 repressor C",">","PA14_49020",0,4353489,145,1411,0,"NC_008463.1",1,NA,NA,NA,NA,-1,"output",NA,NA,9,NA,"JC","NGCCAACCGAAACTTG","old_G1_PA14_full_mini_2",NA,NA,NA,NA,NA,0
NA,NA,NA,0,NA,NA,NA,NA,NA,NA,NA,NA,7615,6445,NA,NA,NA,151,151,1,NA,NA,NA,NA,NA,NA,NA,NA,NA,145,"NC_008463.1__4353489__1__NC_008463.1__4353504__-1__0____151__151__0__0",NA,NA,NA,NA,NA,NA,NA,NA,NA,NA,148,148,148,74,73,74,75,74,75,290,150,148,150,NA,NA,NA,0,NA,NA,NA,111.62,14170,0,0,NA,0,0.9182,NA,221,NA,NA,NA,"consensus",NA,NA,NA,0,0,NA,NA,NA,NA,NA,NA,NA,NA,NA,"gene",0,11.14,"pf5r","coding (231/267 nt)","Pf5 repressor C",">","PA14_49020",0,4353489,145,1414,0,"NC_008463.1",1,"gene",0,8.74,"pf5r","coding (246/267 nt)","Pf5 repressor C",">","PA14_49020",0,4353504,145,1110,0,"NC_008463.1",-1,NA,NA,NA,NA,-1,"output",NA,NA,14060,NA,"JC",NA,"old_G1_PA14_full_mini_2",NA,NA,NA,NA,NA,0
"Q",1155,"L",NA,NA,NA,"CAG",1155,2,"CTG",NA,NA,NA,NA,NA,NA,NA,NA,NA,NA,"morA","3464","motility regulator",">",NA,"morA",NA,NA,NA,NA,NA,NA,NA,NA,"PA14_60870",NA,"PA14_60870",NA,NA,NA,NA,NA,NA,NA,NA,NA,NA,NA,NA,NA,NA,NA,NA,NA,NA,NA,"snp_nonsynonymous",NA,NA,NA,NA,NA,NA,99,1,"A",NA,NA,NA,NA,5432228,5432228,5432228,NA,NA,NA,NA,0,1,"T",NA,NA,NA,NA,NA,NA,NA,"NC_008463.1",NA,NA,NA,NA,NA,NA,NA,NA,NA,NA,NA,NA,NA,NA,NA,NA,NA,NA,NA,NA,NA,NA,NA,NA,NA,NA,NA,NA,NA,NA,NA,"nonsynonymous",NA,NA,-1,"output",NA,NA,NA,1,"SNP",NA,"morA_pf5r_SRR17205266",NA,NA,NA,NA,NA,99
"Q",1155,"L",NA,NA,NA,"CAG",1155,2,"CTG",NA,276.5,NA,NA,NA,NA,NA,NA,NA,1,"morA","3464","motility regulator",">",NA,NA,NA,NA,0,NA,NA,NA,NA,NA,"PA14_60870",NA,NA,NA,"A","49/50",1,NA,NA,NA,NA,NA,NA,NA,NA,NA,NA,NA,NA,NA,"N","0/0",NA,NA,"A",49,50,NA,NA,0,0,"A",NA,1,NA,NA,5432228,NA,NA,"consensus","T",0,0,0,0,"T",NA,NA,NA,NA,NA,NA,NA,"NC_008463.1",NA,NA,NA,NA,NA,NA,NA,NA,NA,NA,NA,NA,NA,NA,NA,NA,NA,NA,NA,NA,NA,NA,NA,NA,NA,NA,NA,NA,NA,NA,NA,"nonsynonymous",NA,NA,-1,"output",49,50,NA,1,"RA",NA,"morA_pf5r_SRR17205266",NA,NA,99,0,99,0
NA,NA,NA,10,NA,NA,NA,NA,NA,NA,NA,NA,1335,2056,NA,NA,NA,151,151,1,NA,NA,NA,NA,NA,NA,NA,NA,NA,135,"NC_008463.1__4345098__1__NC_008463.1__4355772__-1__10____151__151__0__0",NA,NA,NA,NA,NA,NA,NA,NA,NA,NA,138,137,138,70,69,70,70,70,69,270,140,138,140,NA,NA,NA,0,NA,NA,NA,33.17,3418,0,0,NA,0,0.9823,NA,156,NA,NA,NA,"consensus",NA,NA,NA,0,0,NA,NA,NA,NA,NA,NA,NA,NA,NA,"gene",0,0.5,"PA14_48870/PA14_48880","intergenic (-45/+61)","C32 tRNA thiolase/bacteriophage integrase","</<","PA14_48870/PA14_48880",10,4345098,145,55,0,"NC_008463.1",1,"gene",0,0.7,"PA14_49030/PA14_49040","intergenic (+917/-59)","hypothetical protein/hypothetical protein",">/>","PA14_49030/PA14_49040",0,4355762,135,72,0,"NC_008463.1",-1,NA,NA,NA,NA,-1,"output",NA,NA,3391,NA,"JC",NA,"morA_pf5r_SRR17205266",NA,NA,NA,NA,NA,0
NA,NA,NA,3,NA,NA,NA,NA,NA,NA,NA,NA,17,24,NA,NA,NA,151,151,0.4187,NA,NA,NA,NA,NA,NA,NA,NA,NA,142,"NC_008463.1__4345098__1__NC_008463.1__5372986__-1__3____151__151__0__0",NA,NA,NA,NA,NA,NA,NA,NA,NA,NA,143,136,143,73,73,72,63,33,63,284,136,136,125,NA,NA,NA,2.5,NA,NA,NA,0.38,41,0,0,NA,0,0.4187,NA,21,NA,NA,NA,"polymorphism",NA,NA,NA,0,0,NA,NA,NA,NA,NA,NA,NA,NA,NA,"gene",0,0.5,"PA14_48870/PA14_48880","intergenic (-45/+61)","C32 tRNA thiolase/bacteriophage integrase","</<","PA14_48870/PA14_48880",3,4345098,145,55,0,"NC_008463.1",1,"gene",0,0.55,"pilX","coding (513/600 nt)","type 4 fimbrial biogenesis protein PilX",">","PA14_60300",0,5372983,142,60,0,"NC_008463.1",-1,NA,NA,NA,NA,-1,"output",NA,NA,41,NA,"JC",NA,"morA_pf5r_SRR17205266",NA,NA,NA,NA,NA,0
NA,NA,NA,10,NA,NA,NA,NA,NA,NA,NA,NA,19,16,NA,NA,NA,151,151,0.217,NA,NA,NA,NA,NA,NA,NA,NA,NA,135,"NC_008463.1__4345107__-1__NC_008463.1__4355763__1__10____151__151__0__0",NA,NA,NA,NA,NA,NA,NA,NA,NA,NA,139,137,139,61,61,60,58,58,53,270,123,102,123,NA,NA,NA,2.1,NA,NA,NA,0.34,35,0,0,NA,0,0.217,NA,22,NA,NA,NA,"polymorphism",NA,NA,NA,0,0,NA,NA,NA,NA,NA,NA,NA,NA,NA,"gene",0,1.75,"PA14_48870/PA14_48880","intergenic (-54/+52)","C32 tRNA thiolase/bacteriophage integrase","</<","PA14_48870/PA14_48880",10,4345107,145,194,0,"NC_008463.1",-1,"gene",0,0.7,"PA14_49030/PA14_49040","intergenic (+928/-48)","hypothetical protein/hypothetical protein",">/>","PA14_49030/PA14_49040",0,4355773,135,72,0,"NC_008463.1",1,NA,NA,NA,NA,-1,"output",NA,NA,35,NA,"JC",NA,"morA_pf5r_SRR17205266",NA,NA,NA,NA,NA,0
NA,NA,NA,0,NA,NA,NA,NA,NA,NA,NA,NA,9,17,NA,NA,NA,151,151,0.02311,NA,NA,NA,NA,NA,NA,NA,NA,NA,145,"NC_008463.1__4347732__-1__NC_008463.1__4351985__1__0____151__151__0__0",NA,NA,NA,NA,NA,NA,NA,NA,NA,NA,145,131,145,71,71,60,73,72,73,290,145,144,145,NA,NA,NA,3,NA,NA,NA,0.23,26,0,0,NA,0,0.02311,NA,19,NA,NA,NA,"polymorphism",NA,NA,NA,0,0,NA,"COVERAGE_EVENNESS_SKEW,FREQUENCY_CUTOFF",NA,NA,NA,NA,NA,NA,NA,"gene",0,13.23,"PA14_48910","coding (1254/1284 nt)","hypothetical protein","<","PA14_48910",0,4347732,145,1464,0,"NC_008463.1",-1,"gene",0,6.63,"PA14_48970/PA14_48980","intergenic (-94/+41)","helix destabilizing protein of bacteriophage Pf1/hypothetical protein","</<","PA14_48970/PA14_48980",0,4351985,145,734,0,"NC_008463.1",1,NA,NA,NA,NA,-1,"output",NA,NA,26,NA,"JC",NA,"morA_pf5r_SRR17205266",NA,NA,NA,NA,NA,0
NA,NA,NA,0,NA,NA,NA,NA,NA,NA,NA,NA,757,750,NA,NA,NA,151,151,0.5814,NA,NA,NA,NA,NA,NA,NA,NA,NA,145,"NC_008463.1__4347732__-1__NC_008463.1__4352048__1__0____151__151__0__0",NA,NA,NA,NA,NA,NA,NA,NA,NA,NA,149,146,149,73,73,72,75,74,75,290,149,148,149,NA,NA,NA,0,NA,NA,NA,13.71,1518,0,0,NA,0,0.5814,NA,162,NA,NA,NA,"polymorphism",NA,NA,NA,0,0,NA,NA,NA,NA,NA,NA,NA,NA,NA,"gene",0,13.23,"PA14_48910","coding (1254/1284 nt)","hypothetical protein","<","PA14_48910",0,4347732,145,1464,0,"NC_008463.1",-1,"gene",0,6.52,"PA14_48980","coding (356/378 nt)","hypothetical protein","<","PA14_48980",0,4352048,145,722,0,"NC_008463.1",1,NA,NA,NA,NA,-1,"output",NA,NA,1507,NA,"JC",NA,"morA_pf5r_SRR17205266",NA,NA,NA,NA,NA,0
NA,NA,NA,0,NA,NA,NA,NA,NA,NA,NA,NA,5,7,NA,NA,NA,151,151,0.01047,NA,NA,NA,NA,NA,NA,NA,NA,NA,145,"NC_008463.1__4347770__-1__NC_008463.1__4351965__1__0____151__151__0__0",NA,NA,NA,NA,NA,NA,NA,NA,NA,NA,149,124,149,0,0,0,70,61,70,290,70,61,70,NA,NA,NA,7.5,NA,NA,NA,0.11,12,0,0,NA,0,0.01047,NA,6,NA,NA,NA,"polymorphism",NA,NA,NA,0,0,NA,"COVERAGE_EVENNESS_SKEW,FREQUENCY_CUTOFF",NA,NA,NA,NA,NA,NA,NA,"gene",0,13.61,"PA14_48910","coding (1216/1284 nt)","hypothetical protein","<","PA14_48910",0,4347770,145,1506,0,"NC_008463.1",-1,"gene",0,6.89,"PA14_48970/PA14_48980","intergenic (-74/+61)","helix destabilizing protein of bacteriophage Pf1/hypothetical protein","</<","PA14_48970/PA14_48980",0,4351965,145,763,0,"NC_008463.1",1,NA,NA,NA,NA,-1,"output",NA,NA,12,NA,"JC",NA,"morA_pf5r_SRR17205266",NA,NA,NA,NA,NA,0
NA,NA,NA,2,NA,NA,NA,NA,NA,NA,NA,NA,428,419,NA,NA,NA,151,151,0.5238,NA,NA,NA,NA,NA,NA,NA,NA,NA,143,"NC_008463.1__4348184__-1__NC_008463.1__4352047__1__2____151__151__0__0",NA,NA,NA,NA,NA,NA,NA,NA,NA,NA,148,148,147,73,73,73,74,74,72,286,148,147,148,NA,NA,NA,0,NA,NA,NA,7.8,852,0,0,NA,0,0.5238,NA,131,NA,NA,NA,"polymorphism",NA,NA,NA,0,0,NA,NA,NA,NA,NA,NA,NA,NA,NA,"gene",0,7.58,"PA14_48910","coding (802/1284 nt)","hypothetical protein","<","PA14_48910",2,4348184,145,839,0,"NC_008463.1",-1,"gene",0,6.61,"PA14_48980","coding (355/378 nt)","hypothetical protein","<","PA14_48980",0,4352049,143,722,0,"NC_008463.1",1,NA,NA,NA,NA,-1,"output",NA,NA,847,NA,"JC",NA,"morA_pf5r_SRR17205266",NA,NA,NA,NA,NA,0
NA,NA,NA,7,NA,NA,NA,NA,NA,NA,NA,NA,25,30,NA,NA,NA,151,151,0.07214,NA,NA,NA,NA,NA,NA,NA,NA,NA,138,"NC_008463.1__4348267__-1__NC_008463.1__4352036__1__7____151__151__0__0",NA,NA,NA,NA,NA,NA,NA,NA,NA,NA,139,138,139,69,69,68,70,70,45,276,129,129,121,NA,NA,NA,0.7,NA,NA,NA,0.53,56,0,0,NA,0,0.07214,NA,35,NA,NA,NA,"polymorphism",NA,NA,NA,0,0,NA,"FREQUENCY_CUTOFF",NA,NA,NA,NA,NA,NA,NA,"gene",0,7.4,"PA14_48910","coding (719/1284 nt)","hypothetical protein","<","PA14_48910",7,4348267,145,819,0,"NC_008463.1",-1,"gene",0,6.27,"PA14_48980","coding (361/378 nt)","hypothetical protein","<","PA14_48980",0,4352043,138,661,0,"NC_008463.1",1,NA,NA,NA,NA,-1,"output",NA,NA,55,NA,"JC",NA,"morA_pf5r_SRR17205266",NA,NA,NA,NA,NA,0
NA,NA,NA,0,NA,NA,NA,NA,NA,NA,NA,NA,1369,1190,NA,NA,NA,151,151,0.7894,NA,NA,NA,NA,NA,NA,NA,NA,NA,145,"NC_008463.1__4353489__1__NC_008463.1__4353504__-1__0____151__151__0__0",NA,NA,NA,NA,NA,NA,NA,NA,NA,NA,148,148,143,74,73,74,75,75,74,290,148,148,147,NA,NA,NA,0,NA,NA,NA,23.38,2588,0,0,NA,0,0.7894,NA,170,NA,NA,NA,"polymorphism",NA,NA,NA,0,0,NA,NA,NA,NA,NA,NA,NA,NA,NA,"gene",0,6.66,"pf5r","coding (231/267 nt)","Pf5 repressor C",">","PA14_49020",0,4353489,145,737,0,"NC_008463.1",1,"gene",0,5.82,"pf5r","coding (246/267 nt)","Pf5 repressor C",">","PA14_49020",0,4353504,145,644,0,"NC_008463.1",-1,NA,NA,NA,NA,-1,"output",NA,NA,2559,NA,"JC",NA,"morA_pf5r_SRR17205266",NA,NA,NA,NA,NA,0
NA,NA,NA,6,NA,NA,NA,NA,NA,NA,NA,NA,20,27,NA,NA,NA,151,151,0.2636,NA,NA,NA,NA,NA,NA,NA,NA,NA,139,"NC_008463.1__4355765__-1__NC_008463.1__5372981__1__6____151__151__0__0",NA,NA,NA,NA,NA,NA,NA,NA,NA,NA,140,140,91,69,46,69,64,64,55,278,131,126,131,NA,NA,NA,2.2,NA,NA,NA,0.46,49,0,0,NA,0,0.2636,NA,22,NA,NA,NA,"polymorphism",NA,NA,NA,0,0,NA,NA,NA,NA,NA,NA,NA,NA,NA,"gene",0,2.01,"PA14_49030/PA14_49040","intergenic (+920/-56)","hypothetical protein/hypothetical protein",">/>","PA14_49030/PA14_49040",6,4355765,145,223,0,"NC_008463.1",-1,"gene",0,0.57,"pilX","coding (517/600 nt)","type 4 fimbrial biogenesis protein PilX",">","PA14_60300",0,5372987,139,60,0,"NC_008463.1",1,NA,NA,NA,NA,-1,"output",NA,NA,47,NA,"JC",NA,"morA_pf5r_SRR17205266",NA,NA,NA,NA,NA,0
"Q",216,"R",NA,NA,NA,"CAG",216,2,"CGG",NA,NA,NA,NA,NA,NA,NA,NA,NA,NA,"lasR","647","transcriptional regulator LasR","<",NA,"lasR",NA,NA,NA,NA,NA,NA,NA,NA,"PA14_45960",NA,"PA14_45960",NA,NA,NA,NA,NA,NA,NA,NA,NA,NA,NA,NA,NA,NA,NA,NA,NA,NA,NA,"snp_nonsynonymous",NA,NA,NA,NA,NA,NA,98,1,"T",NA,NA,NA,NA,4085385,4085385,4085385,NA,NA,NA,NA,0,1,"C",NA,NA,NA,NA,NA,NA,NA,"NC_008463.1",NA,NA,NA,NA,NA,NA,NA,NA,NA,NA,NA,NA,NA,NA,NA,NA,NA,NA,NA,NA,NA,NA,NA,NA,NA,NA,NA,NA,NA,NA,NA,"nonsynonymous",NA,NA,-1,"output",NA,NA,NA,1,"SNP",NA,"lasR_pf5r_SRR17205267",NA,NA,NA,NA,NA,98
NA,NA,NA,NA,NA,NA,NA,NA,NA,NA,NA,NA,NA,NA,NA,NA,NA,NA,NA,NA,"pf5r","coding (246/267 nt)","Pf5 repressor C",">",NA,"pf5r",NA,NA,1,NA,NA,NA,NA,NA,"PA14_49020",NA,"PA14_49020",NA,NA,NA,NA,NA,NA,NA,NA,NA,NA,NA,NA,NA,NA,NA,NA,NA,NA,NA,"small_indel",NA,NA,NA,NA,NA,NA,17068,1,"GGCCAACCGAAACTTG",NA,NA,NA,NA,4353504,4353504,4353504,NA,NA,NA,NA,5227,2,"G",NA,16,2,1,"GGCCAACCGAAACTTG",NA,NA,"NC_008463.1",NA,NA,NA,NA,NA,NA,NA,NA,NA,NA,NA,NA,NA,NA,NA,NA,NA,NA,NA,NA,NA,NA,NA,NA,NA,NA,NA,NA,NA,NA,NA,NA,NA,NA,-1,"output",NA,NA,NA,NA,"INS",NA,"lasR_pf5r_SRR17205267",NA,NA,NA,NA,NA,22295
"Q",216,"R",NA,NA,NA,"CAG",216,2,"CGG",NA,277.8,NA,NA,NA,NA,NA,NA,NA,1,"lasR","647","transcriptional regulator LasR","<",NA,NA,NA,NA,0,NA,NA,NA,NA,NA,"PA14_45960",NA,NA,NA,"T","54/44",1,NA,NA,NA,NA,NA,NA,NA,NA,NA,NA,NA,NA,NA,"N","0/0",NA,NA,"T",54,44,NA,NA,0,0,"T",NA,1,NA,NA,4085385,NA,NA,"consensus","C",0,0,0,0,"C",NA,NA,NA,NA,NA,NA,NA,"NC_008463.1",NA,NA,NA,NA,NA,NA,NA,NA,NA,NA,NA,NA,NA,NA,NA,NA,NA,NA,NA,NA,NA,NA,NA,NA,NA,NA,NA,NA,NA,NA,NA,"nonsynonymous",NA,NA,-1,"output",54,44,NA,1,"RA",NA,"lasR_pf5r_SRR17205267",NA,NA,98,0,98,0
NA,NA,NA,10,NA,NA,NA,NA,NA,NA,NA,NA,7908,12450,NA,NA,NA,151,151,1,NA,NA,NA,NA,NA,NA,NA,NA,NA,135,"NC_008463.1__4345098__1__NC_008463.1__4355772__-1__10____151__151__0__0",NA,NA,NA,NA,NA,NA,NA,NA,NA,NA,140,137,140,70,69,70,70,70,69,270,140,138,140,NA,NA,NA,0,NA,NA,NA,147.94,20497,0,0,NA,0,0.9966,NA,213,NA,NA,NA,"consensus",NA,NA,NA,0,0,NA,NA,NA,NA,NA,NA,NA,NA,NA,"gene",0,0.44,"PA14_48870/PA14_48880","intergenic (-45/+61)","C32 tRNA thiolase/bacteriophage integrase","</<","PA14_48870/PA14_48880",10,4345098,145,66,0,"NC_008463.1",1,"gene",0,0.56,"PA14_49030/PA14_49040","intergenic (+917/-59)","hypothetical protein/hypothetical protein",">/>","PA14_49030/PA14_49040",0,4355762,135,77,0,"NC_008463.1",-1,NA,NA,NA,NA,-1,"output",NA,NA,20358,NA,"JC",NA,"lasR_pf5r_SRR17205267",NA,NA,NA,NA,NA,0
NA,NA,NA,10,NA,NA,NA,NA,NA,NA,NA,NA,12,14,NA,NA,NA,151,151,0.05731,NA,NA,NA,NA,NA,NA,NA,NA,NA,135,"NC_008463.1__4345107__-1__NC_008463.1__4355763__1__10____151__151__0__0",NA,NA,NA,NA,NA,NA,NA,NA,NA,NA,132,132,122,54,54,47,64,64,47,270,139,123,139,NA,NA,NA,2.2,NA,NA,NA,0.19,26,0,0,NA,0,0.05731,NA,20,NA,NA,NA,"polymorphism",NA,NA,NA,0,0,NA,"FREQUENCY_CUTOFF",NA,NA,NA,NA,NA,NA,NA,"gene",0,5.62,"PA14_48870/PA14_48880","intergenic (-54/+52)","C32 tRNA thiolase/bacteriophage integrase","</<","PA14_48870/PA14_48880",10,4345107,145,836,0,"NC_008463.1",-1,"gene",0,0.56,"PA14_49030/PA14_49040","intergenic (+928/-48)","hypothetical protein/hypothetical protein",">/>","PA14_49030/PA14_49040",0,4355773,135,77,0,"NC_008463.1",1,NA,NA,NA,NA,-1,"output",NA,NA,26,NA,"JC",NA,"lasR_pf5r_SRR17205267",NA,NA,NA,NA,NA,0
NA,NA,NA,0,NA,NA,NA,NA,NA,NA,NA,NA,59,43,NA,NA,NA,151,151,0.005386,NA,NA,NA,NA,NA,NA,NA,NA,NA,145,"NC_008463.1__4345274__1__NC_008463.1__4353629__-1__0____151__151__0__0",NA,NA,NA,NA,NA,NA,NA,NA,NA,NA,143,132,143,74,65,74,75,75,72,290,141,141,136,NA,NA,NA,0.5,NA,NA,NA,0.71,106,0,0,NA,0,0.005386,NA,41,NA,NA,NA,"polymorphism",NA,NA,NA,0,0,NA,"FREQUENCY_CUTOFF",NA,NA,NA,NA,NA,NA,NA,"gene",0,143.6,"PA14_48880","coding (902/1017 nt)","bacteriophage integrase","<","PA14_48880",0,4345274,145,21370,0,"NC_008463.1",1,"gene",0,119.47,"pf5r/PA14_49030","intergenic (+104/-185)","Pf5 repressor C/hypothetical protein",">/>","PA14_49020/PA14_49030",0,4353629,145,17779,0,"NC_008463.1",-1,NA,NA,NA,NA,-1,"output",NA,NA,102,NA,"JC",NA,"lasR_pf5r_SRR17205267",NA,NA,NA,NA,NA,0
NA,NA,NA,1,NA,NA,NA,NA,NA,NA,NA,NA,7,5,NA,NA,NA,151,151,0.000651,NA,NA,NA,NA,NA,NA,NA,NA,NA,144,"NC_008463.1__4345392__1__NC_008463.1__4353630__-1__1____151__151__0__0",NA,NA,NA,NA,NA,NA,NA,NA,NA,NA,146,146,108,45,24,45,55,38,55,288,125,125,104,NA,NA,NA,6.1,NA,NA,NA,0.08,12,0,0,NA,0,0.000651,NA,6,NA,NA,NA,"polymorphism",NA,NA,NA,0,0,NA,"COVERAGE_EVENNESS_SKEW,FREQUENCY_CUTOFF",NA,NA,NA,NA,NA,NA,NA,"gene",0,128.99,"PA14_48880","coding (784/1017 nt)","bacteriophage integrase","<","PA14_48880",1,4345392,145,19195,0,"NC_008463.1",1,"gene",0,120.3,"pf5r/PA14_49030","intergenic (+104/-185)","Pf5 repressor C/hypothetical protein",">/>","PA14_49020/PA14_49030",0,4353629,144,17779,0,"NC_008463.1",-1,NA,NA,NA,NA,-1,"output",NA,NA,12,NA,"JC",NA,"lasR_pf5r_SRR17205267",NA,NA,NA,NA,NA,0
NA,NA,NA,0,NA,NA,NA,NA,NA,NA,NA,NA,7,10,NA,NA,NA,151,151,0.001184,NA,NA,NA,NA,NA,NA,NA,NA,NA,145,"NC_008463.1__4345556__1__NC_008463.1__4353428__-1__0____151__151__0__0",NA,NA,NA,NA,NA,NA,NA,NA,NA,NA,118,118,95,74,74,55,71,71,55,290,132,132,126,NA,NA,NA,4.3,NA,NA,NA,0.11,17,0,0,NA,0,0.001184,NA,11,NA,NA,NA,"polymorphism",NA,NA,NA,0,0,NA,"COVERAGE_EVENNESS_SKEW,FREQUENCY_CUTOFF",NA,NA,NA,NA,NA,NA,NA,"gene",0,119.07,"PA14_48880","coding (620/1017 nt)","bacteriophage integrase","<","PA14_48880",0,4345556,145,17720,0,"NC_008463.1",1,"gene",0,73.74,"pf5r","coding (170/267 nt)","Pf5 repressor C",">","PA14_49020",0,4353428,145,10973,0,"NC_008463.1",-1,NA,NA,NA,NA,-1,"output",NA,NA,17,NA,"JC",NA,"lasR_pf5r_SRR17205267",NA,NA,NA,NA,NA,0
NA,NA,NA,4,NA,NA,NA,NA,NA,NA,NA,NA,4,5,NA,NA,NA,151,151,0.0006735,NA,NA,NA,NA,NA,NA,NA,NA,NA,141,"NC_008463.1__4345621__1__NC_008463.1__4352158__1__4____151__151__0__0",NA,NA,NA,NA,NA,NA,NA,NA,NA,NA,116,103,116,56,3,56,42,42,30,282,143,143,143,NA,NA,NA,6.4,NA,NA,NA,0.08,11,0,0,NA,0,0.0006735,NA,5,NA,NA,NA,"polymorphism",NA,NA,NA,0,0,NA,"COVERAGE_EVENNESS_SKEW,FREQUENCY_CUTOFF",NA,NA,NA,NA,NA,NA,NA,"gene",0,130.8,"PA14_48880","coding (555/1017 nt)","bacteriophage integrase","<","PA14_48880",4,4345621,145,19465,0,"NC_008463.1",1,"gene",0,94.79,"PA14_48980","coding (242/378 nt)","hypothetical protein","<","PA14_48980",0,4352162,141,13717,0,"NC_008463.1",1,NA,NA,NA,NA,-1,"output",NA,NA,9,NA,"JC",NA,"lasR_pf5r_SRR17205267",NA,NA,NA,NA,NA,0
NA,NA,NA,0,NA,NA,NA,NA,NA,NA,NA,NA,9,4,NA,NA,NA,151,151,0.0007003,NA,NA,NA,NA,NA,NA,NA,NA,NA,145,"NC_008463.1__4345747__1__NC_008463.1__4353390__-1__0____151__151__0__0",NA,NA,NA,NA,NA,NA,NA,NA,NA,NA,149,141,149,22,22,0,55,55,55,290,127,127,55,NA,NA,NA,5,NA,NA,NA,0.09,13,0,0,NA,0,0.0007003,NA,9,NA,NA,NA,"polymorphism",NA,NA,NA,0,0,NA,"COVERAGE_EVENNESS_SKEW,FREQUENCY_CUTOFF",NA,NA,NA,NA,NA,NA,NA,"gene",0,136,"PA14_48880","coding (429/1017 nt)","bacteriophage integrase","<","PA14_48880",0,4345747,145,20238,0,"NC_008463.1",1,"gene",0,113.3,"pf5r","coding (132/267 nt)","Pf5 repressor C",">","PA14_49020",0,4353390,145,16861,0,"NC_008463.1",-1,NA,NA,NA,NA,-1,"output",NA,NA,13,NA,"JC",NA,"lasR_pf5r_SRR17205267",NA,NA,NA,NA,NA,0
NA,NA,NA,2,NA,NA,NA,NA,NA,NA,NA,NA,659,701,NA,NA,NA,151,151,0.06007,NA,NA,NA,NA,NA,NA,NA,NA,NA,143,"NC_008463.1__4345779__1__NC_008463.1__4353356__-1__2____151__151__0__0",NA,NA,NA,NA,NA,NA,NA,NA,NA,NA,146,146,146,73,72,73,74,74,73,286,147,147,147,NA,NA,NA,0,NA,NA,NA,9.35,1372,0,0,NA,0,0.06007,NA,137,NA,NA,NA,"polymorphism",NA,NA,NA,0,0,NA,"FREQUENCY_CUTOFF",NA,NA,NA,NA,NA,NA,NA,"gene",0,142.18,"PA14_48880","coding (397/1017 nt)","bacteriophage integrase","<","PA14_48880",2,4345779,145,21158,0,"NC_008463.1",1,"gene",0,150.38,"pf5r","coding (96/267 nt)","Pf5 repressor C",">","PA14_49020",0,4353354,143,22070,0,"NC_008463.1",-1,NA,NA,NA,NA,-1,"output",NA,NA,1360,NA,"JC",NA,"lasR_pf5r_SRR17205267",NA,NA,NA,NA,NA,0
NA,NA,NA,0,NA,NA,NA,NA,NA,NA,NA,NA,10,38,NA,NA,NA,151,151,0.002031,NA,NA,NA,NA,NA,NA,NA,NA,NA,145,"NC_008463.1__4345920__1__NC_008463.1__4353278__-1__0____151__151__0__0",NA,NA,NA,NA,NA,NA,NA,NA,NA,NA,145,139,145,73,49,73,71,54,71,290,145,145,137,NA,NA,NA,1.8,NA,NA,NA,0.32,48,0,0,NA,0,0.002031,NA,25,NA,NA,NA,"polymorphism",NA,NA,NA,0,0,NA,"FREQUENCY_CUTOFF",NA,NA,NA,NA,NA,NA,NA,"gene",0,144.48,"PA14_48880","coding (256/1017 nt)","bacteriophage integrase","<","PA14_48880",0,4345920,145,21500,0,"NC_008463.1",1,"gene",0,172.48,"pf5r","coding (20/267 nt)","Pf5 repressor C",">","PA14_49020",0,4353278,145,25668,0,"NC_008463.1",-1,NA,NA,NA,NA,-1,"output",NA,NA,48,NA,"JC",NA,"lasR_pf5r_SRR17205267",NA,NA,NA,NA,NA,0
NA,NA,NA,9,NA,NA,NA,NA,NA,NA,NA,NA,5,10,NA,NA,NA,151,151,0.0008046,NA,NA,NA,NA,NA,NA,NA,NA,NA,136,"NC_008463.1__4346443__1__NC_008463.1__4346882__1__9____151__151__0__0",NA,NA,NA,NA,NA,NA,NA,NA,NA,NA,136,136,123,55,28,55,44,5,44,272,136,135,136,NA,NA,NA,5.4,NA,NA,NA,0.11,15,0,0,NA,0,0.0008046,NA,7,NA,NA,NA,"polymorphism",NA,NA,NA,0,0,NA,"COVERAGE_EVENNESS_SKEW,FREQUENCY_CUTOFF",NA,NA,NA,NA,NA,NA,NA,"gene",0,120.5,"PA14_48890","coding (1031/1299 nt)","hypothetical protein","<","PA14_48890",9,4346443,145,17932,0,"NC_008463.1",1,"gene",0,146.41,"PA14_48890","coding (583/1299 nt)","hypothetical protein","<","PA14_48890",0,4346891,136,20436,0,"NC_008463.1",1,NA,NA,NA,NA,-1,"output",NA,NA,15,NA,"JC",NA,"lasR_pf5r_SRR17205267",NA,NA,NA,NA,NA,0
NA,NA,NA,7,NA,NA,NA,NA,NA,NA,NA,NA,12,42,NA,NA,NA,151,151,0.003034,NA,NA,NA,NA,NA,NA,NA,NA,NA,138,"NC_008463.1__4346444__1__NC_008463.1__4347057__1__7____151__151__0__0",NA,NA,NA,NA,NA,NA,NA,NA,NA,NA,139,139,125,20,20,16,19,19,19,276,124,124,86,NA,NA,NA,5.4,NA,NA,NA,0.4,56,0,0,NA,0,0.003034,NA,7,NA,NA,NA,"polymorphism",NA,NA,NA,0,0,NA,"COVERAGE_EVENNESS_SKEW,FREQUENCY_CUTOFF",NA,NA,NA,NA,NA,NA,NA,"gene",0,120.24,"PA14_48890","coding (1030/1299 nt)","hypothetical protein","<","PA14_48890",7,4346444,145,17893,0,"NC_008463.1",1,"gene",0,139.6,"PA14_48890","coding (410/1299 nt)","hypothetical protein","<","PA14_48890",0,4347064,138,19771,0,"NC_008463.1",1,NA,NA,NA,NA,-1,"output",NA,NA,54,NA,"JC",NA,"lasR_pf5r_SRR17205267",NA,NA,NA,NA,NA,0
NA,NA,NA,9,NA,NA,NA,NA,NA,NA,NA,NA,7,9,NA,NA,NA,151,151,0.0007442,NA,NA,NA,NA,NA,NA,NA,NA,NA,136,"NC_008463.1__4346732__1__NC_008463.1__4347125__1__9____151__151__0__0",NA,NA,NA,NA,NA,NA,NA,NA,NA,NA,101,101,86,66,38,66,41,41,17,272,139,113,139,NA,NA,NA,5,NA,NA,NA,0.11,16,0,0,NA,0,0.0007442,NA,8,NA,NA,NA,"polymorphism",NA,NA,NA,0,0,NA,"COVERAGE_EVENNESS_SKEW,FREQUENCY_CUTOFF",NA,NA,NA,NA,NA,NA,NA,"gene",0,159.49,"PA14_48890","coding (742/1299 nt)","hypothetical protein","<","PA14_48890",9,4346732,145,23734,0,"NC_008463.1",1,"gene",0,148.33,"PA14_48890","coding (340/1299 nt)","hypothetical protein","<","PA14_48890",0,4347134,136,20704,0,"NC_008463.1",1,NA,NA,NA,NA,-1,"output",NA,NA,16,NA,"JC",NA,"lasR_pf5r_SRR17205267",NA,NA,NA,NA,NA,0
NA,NA,NA,6,NA,NA,NA,NA,NA,NA,NA,NA,16,12,NA,NA,NA,151,151,0.001408,NA,NA,NA,NA,NA,NA,NA,NA,NA,139,"NC_008463.1__4346908__1__NC_008463.1__4353774__1__6____151__151__0__0",NA,NA,NA,NA,NA,NA,NA,NA,NA,NA,110,110,21,63,63,21,41,41,0,278,124,124,123,NA,NA,NA,5.9,NA,NA,NA,0.2,28,0,0,NA,0,0.001408,NA,6,NA,NA,NA,"polymorphism",NA,NA,NA,0,0,NA,"COVERAGE_EVENNESS_SKEW,FREQUENCY_CUTOFF",NA,NA,NA,NA,NA,NA,NA,"gene",0,151.71,"PA14_48890","coding (566/1299 nt)","hypothetical protein","<","PA14_48890",6,4346908,145,22576,0,"NC_008463.1",1,"gene",0,126.72,"pf5r/PA14_49030","intergenic (+255/-34)","Pf5 repressor C/hypothetical protein",">/>","PA14_49020/PA14_49030",0,4353780,139,18078,0,"NC_008463.1",1,NA,NA,NA,NA,-1,"output",NA,NA,28,NA,"JC",NA,"lasR_pf5r_SRR17205267",NA,NA,NA,NA,NA,0
NA,NA,NA,10,NA,NA,NA,NA,NA,NA,NA,NA,7,8,NA,NA,NA,151,151,0.0008359,NA,NA,NA,NA,NA,NA,NA,NA,NA,135,"NC_008463.1__4347609__1__NC_008463.1__4353086__1__10____151__151__0__0",NA,NA,NA,NA,NA,NA,NA,NA,NA,NA,106,106,63,63,51,63,69,69,0,270,135,106,135,NA,NA,NA,5,NA,NA,NA,0.11,15,0,0,NA,0,0.0008359,NA,8,NA,NA,NA,"polymorphism",NA,NA,NA,0,0,NA,"COVERAGE_EVENNESS_SKEW,FREQUENCY_CUTOFF",NA,NA,NA,NA,NA,NA,NA,"gene",0,70.52,"PA14_48900","coding (97/102 nt)","hypothetical protein","<","PA14_48900",10,4347609,145,10494,0,"NC_008463.1",1,"gene",0,188.3,"xisF5","coding (36/216 nt)","Pf5 prophage excisionase, XisF5","<","PA14_49010",0,4353096,135,26089,0,"NC_008463.1",1,NA,NA,NA,NA,-1,"output",NA,NA,15,NA,"JC",NA,"lasR_pf5r_SRR17205267",NA,NA,NA,NA,NA,0
NA,NA,NA,0,NA,NA,NA,NA,NA,NA,NA,NA,525,1601,NA,NA,NA,151,151,0.2204,NA,NA,NA,NA,NA,NA,NA,NA,NA,145,"NC_008463.1__4347613__-1__NC_008463.1__4352077__1__0____151__151__0__0",NA,NA,NA,NA,NA,NA,NA,NA,NA,NA,147,146,147,75,72,75,75,68,75,290,148,148,148,NA,NA,NA,0,NA,NA,NA,14.43,2147,0,0,NA,0,0.2204,NA,142,NA,NA,NA,"polymorphism",NA,NA,NA,0,0,NA,NA,NA,NA,NA,NA,NA,NA,NA,"gene",0,66.75,"PA14_48900","coding (93/102 nt)","hypothetical protein","<","PA14_48900",0,4347613,145,9933,0,"NC_008463.1",-1,"gene",0,35.33,"PA14_48980","coding (327/378 nt)","hypothetical protein","<","PA14_48980",0,4352077,145,5258,0,"NC_008463.1",1,NA,NA,NA,NA,-1,"output",NA,NA,2126,NA,"JC",NA,"lasR_pf5r_SRR17205267",NA,NA,NA,NA,NA,0
NA,NA,NA,1,NA,NA,NA,NA,NA,NA,NA,NA,234,445,NA,NA,NA,151,151,0.0882,NA,NA,NA,NA,NA,NA,NA,NA,NA,144,"NC_008463.1__4347628__-1__NC_008463.1__4352050__1__1____151__151__0__0",NA,NA,NA,NA,NA,NA,NA,NA,NA,NA,148,85,148,74,73,74,74,71,74,288,149,149,148,NA,NA,NA,0,NA,NA,NA,4.6,680,0,0,NA,0,0.0882,NA,111,NA,NA,NA,"polymorphism",NA,NA,NA,0,0,NA,"FREQUENCY_CUTOFF",NA,NA,NA,NA,NA,NA,NA,"gene",0,68.38,"PA14_48900","coding (78/102 nt)","hypothetical protein","<","PA14_48900",1,4347628,145,10176,0,"NC_008463.1",-1,"gene",0,26.75,"PA14_48980","coding (353/378 nt)","hypothetical protein","<","PA14_48980",0,4352051,144,3954,0,"NC_008463.1",1,NA,NA,NA,NA,-1,"output",NA,NA,679,NA,"JC",NA,"lasR_pf5r_SRR17205267",NA,NA,NA,NA,NA,0
NA,NA,NA,3,NA,NA,NA,NA,NA,NA,NA,NA,3,7,NA,NA,NA,151,151,0.001423,NA,NA,NA,NA,NA,NA,NA,NA,NA,142,"NC_008463.1__4347643__-1__NC_008463.1__4352042__1__3____151__151__0__0",NA,NA,NA,NA,NA,NA,NA,NA,NA,NA,143,65,143,65,65,48,68,0,68,284,122,122,108,NA,NA,NA,4.9,NA,NA,NA,0.07,10,0,0,NA,0,0.001423,NA,9,NA,NA,NA,"polymorphism",NA,NA,NA,0,0,NA,"COVERAGE_EVENNESS_SKEW,FREQUENCY_CUTOFF",NA,NA,NA,NA,NA,NA,NA,"gene",0,71.28,"PA14_48900","coding (63/102 nt)","hypothetical protein","<","PA14_48900",3,4347643,145,10608,0,"NC_008463.1",-1,"gene",0,25.02,"PA14_48980","coding (359/378 nt)","hypothetical protein","<","PA14_48980",0,4352045,142,3646,0,"NC_008463.1",1,NA,NA,NA,NA,-1,"output",NA,NA,10,NA,"JC",NA,"lasR_pf5r_SRR17205267",NA,NA,NA,NA,NA,0
NA,NA,NA,2,NA,NA,NA,NA,NA,NA,NA,NA,45,21,NA,NA,NA,151,151,0.008668,NA,NA,NA,NA,NA,NA,NA,NA,NA,143,"NC_008463.1__4347739__-1__NC_008463.1__4351989__1__2____151__151__0__0",NA,NA,NA,NA,NA,NA,NA,NA,NA,NA,143,143,126,65,65,65,72,72,67,286,141,141,137,NA,NA,NA,0.6,NA,NA,NA,0.45,66,0,0,NA,0,0.008668,NA,39,NA,NA,NA,"polymorphism",NA,NA,NA,0,0,NA,"FREQUENCY_CUTOFF",NA,NA,NA,NA,NA,NA,NA,"gene",0,92.9,"PA14_48910","coding (1247/1284 nt)","hypothetical protein","<","PA14_48910",2,4347739,145,13825,0,"NC_008463.1",-1,"gene",0,9.96,"PA14_48970/PA14_48980","intergenic (-100/+35)","helix destabilizing protein of bacteriophage Pf1/hypothetical protein","</<","PA14_48970/PA14_48980",0,4351991,143,1462,0,"NC_008463.1",1,NA,NA,NA,NA,-1,"output",NA,NA,66,NA,"JC",NA,"lasR_pf5r_SRR17205267",NA,NA,NA,NA,NA,0
NA,NA,NA,0,NA,NA,NA,NA,NA,NA,NA,NA,54,49,NA,NA,NA,151,151,0.0146,NA,NA,NA,NA,NA,NA,NA,NA,NA,145,"NC_008463.1__4347827__-1__NC_008463.1__4351947__1__0____151__151__0__0",NA,NA,NA,NA,NA,NA,NA,NA,NA,NA,141,141,129,75,75,72,72,72,67,290,148,148,141,NA,NA,NA,0.2,NA,NA,NA,0.69,103,0,0,NA,0,0.0146,NA,51,NA,NA,NA,"polymorphism",NA,NA,NA,0,0,NA,"FREQUENCY_CUTOFF",NA,NA,NA,NA,NA,NA,NA,"gene",0,82.23,"PA14_48910","coding (1159/1284 nt)","hypothetical protein","<","PA14_48910",0,4347827,145,12237,0,"NC_008463.1",-1,"gene",0,11.19,"PA14_48970/PA14_48980","intergenic (-56/+79)","helix destabilizing protein of bacteriophage Pf1/hypothetical protein","</<","PA14_48970/PA14_48980",0,4351947,145,1665,0,"NC_008463.1",1,NA,NA,NA,NA,-1,"output",NA,NA,103,NA,"JC",NA,"lasR_pf5r_SRR17205267",NA,NA,NA,NA,NA,0
NA,NA,NA,0,NA,NA,NA,NA,NA,NA,NA,NA,38,32,NA,NA,NA,151,151,0.008975,NA,NA,NA,NA,NA,NA,NA,NA,NA,145,"NC_008463.1__4347995__-1__NC_008463.1__4352135__1__0____151__151__0__0",NA,NA,NA,NA,NA,NA,NA,NA,NA,NA,141,141,137,70,63,70,74,69,74,290,147,147,130,NA,NA,NA,1,NA,NA,NA,0.47,70,0,0,NA,0,0.008975,NA,33,NA,NA,NA,"polymorphism",NA,NA,NA,0,0,NA,"FREQUENCY_CUTOFF",NA,NA,NA,NA,NA,NA,NA,"gene",0,34.13,"PA14_48910","coding (991/1284 nt)","hypothetical protein","<","PA14_48910",0,4347995,145,5079,0,"NC_008463.1",-1,"gene",0,69.75,"PA14_48980","coding (269/378 nt)","hypothetical protein","<","PA14_48980",0,4352135,145,10380,0,"NC_008463.1",1,NA,NA,NA,NA,-1,"output",NA,NA,70,NA,"JC",NA,"lasR_pf5r_SRR17205267",NA,NA,NA,NA,NA,0
NA,NA,NA,0,NA,NA,NA,NA,NA,NA,NA,NA,3440,2367,NA,NA,NA,151,151,0.6883,NA,NA,NA,NA,NA,NA,NA,NA,NA,145,"NC_008463.1__4348001__-1__NC_008463.1__4351997__1__0____151__151__0__0",NA,NA,NA,NA,NA,NA,NA,NA,NA,NA,149,149,149,75,75,74,75,75,73,290,149,149,149,NA,NA,NA,0,NA,NA,NA,39.27,5844,0,0,NA,0,0.6883,NA,202,NA,NA,NA,"polymorphism",NA,NA,NA,0,0,NA,NA,NA,NA,NA,NA,NA,NA,NA,"gene",0,25.41,"PA14_48910","coding (985/1284 nt)","hypothetical protein","<","PA14_48910",0,4348001,145,3781,0,"NC_008463.1",-1,"gene",0,10.15,"PA14_48970/PA14_48980","intergenic (-106/+29)","helix destabilizing protein of bacteriophage Pf1/hypothetical protein","</<","PA14_48970/PA14_48980",0,4351997,145,1511,0,"NC_008463.1",1,NA,NA,NA,NA,-1,"output",NA,NA,5807,NA,"JC",NA,"lasR_pf5r_SRR17205267",NA,NA,NA,NA,NA,0
NA,NA,NA,7,NA,NA,NA,NA,NA,NA,NA,NA,3322,3280,NA,NA,NA,151,151,0.5817,NA,NA,NA,NA,NA,NA,NA,NA,NA,138,"NC_008463.1__4348017__-1__NC_008463.1__4352099__1__7____151__151__0__0",NA,NA,NA,NA,NA,NA,NA,NA,NA,NA,143,142,143,71,71,71,71,71,71,276,142,141,142,NA,NA,NA,0,NA,NA,NA,47.05,6663,0,0,NA,0,0.5817,NA,198,NA,NA,NA,"polymorphism",NA,NA,NA,0,0,NA,NA,NA,NA,NA,NA,NA,NA,NA,"gene",0,19.59,"PA14_48910","coding (969/1284 nt)","hypothetical protein","<","PA14_48910",7,4348017,145,2915,0,"NC_008463.1",-1,"gene",0,48.08,"PA14_48980","coding (298/378 nt)","hypothetical protein","<","PA14_48980",0,4352106,138,6809,0,"NC_008463.1",1,NA,NA,NA,NA,-1,"output",NA,NA,6602,NA,"JC",NA,"lasR_pf5r_SRR17205267",NA,NA,NA,NA,NA,0
NA,NA,NA,0,NA,NA,NA,NA,NA,NA,NA,NA,557,703,NA,NA,NA,151,151,0.172,NA,NA,NA,NA,NA,NA,NA,NA,NA,145,"NC_008463.1__4348149__-1__NC_008463.1__4352135__1__0____151__151__0__0",NA,NA,NA,NA,NA,NA,NA,NA,NA,NA,148,144,148,70,70,68,75,74,75,290,149,148,149,NA,NA,NA,0,NA,NA,NA,8.51,1266,0,0,NA,0,0.172,NA,133,NA,NA,NA,"polymorphism",NA,NA,NA,0,0,NA,"FREQUENCY_CUTOFF",NA,NA,NA,NA,NA,NA,NA,"gene",0,12.15,"PA14_48910","coding (837/1284 nt)","hypothetical protein","<","PA14_48910",0,4348149,145,1808,0,"NC_008463.1",-1,"gene",0,69.75,"PA14_48980","coding (269/378 nt)","hypothetical protein","<","PA14_48980",0,4352135,145,10380,0,"NC_008463.1",1,NA,NA,NA,NA,-1,"output",NA,NA,1260,NA,"JC",NA,"lasR_pf5r_SRR17205267",NA,NA,NA,NA,NA,0
NA,NA,NA,11,NA,NA,NA,NA,NA,NA,NA,NA,9,5,NA,NA,NA,151,151,0.0006218,NA,NA,NA,NA,NA,NA,NA,NA,NA,134,"NC_008463.1__4353211__1__NC_008463.1__4353227__1__11____151__151__0__0",NA,NA,NA,NA,NA,NA,NA,NA,NA,NA,128,128,126,32,32,9,23,23,23,268,135,135,112,NA,NA,NA,4.3,NA,NA,NA,0.1,14,0,0,NA,0,0.0006218,NA,10,NA,NA,NA,"polymorphism",NA,NA,NA,0,0,NA,"COVERAGE_EVENNESS_SKEW,FREQUENCY_CUTOFF",NA,NA,NA,NA,NA,NA,NA,"gene",0,164,"xisF5/pf5r","intergenic (-80/-48)","Pf5 prophage excisionase, XisF5/Pf5 repressor C","</>","PA14_49010/PA14_49020",11,4353211,145,24405,0,"NC_008463.1",1,"gene",0,163.25,"xisF5/pf5r","intergenic (-107/-21)","Pf5 prophage excisionase, XisF5/Pf5 repressor C","</>","PA14_49010/PA14_49020",0,4353238,134,22451,0,"NC_008463.1",1,NA,NA,NA,NA,-1,"output",NA,NA,14,NA,"JC",NA,"lasR_pf5r_SRR17205267",NA,NA,NA,NA,NA,0
NA,NA,NA,9,NA,NA,NA,NA,NA,NA,NA,NA,7,18,NA,NA,NA,151,151,0.001257,NA,NA,NA,NA,NA,NA,NA,NA,NA,136,"NC_008463.1__4353234__1__NC_008463.1__4354905__1__9____151__151__0__0",NA,NA,NA,NA,NA,NA,NA,NA,NA,NA,125,94,125,0,0,0,60,60,54,272,60,60,54,NA,NA,NA,6.2,NA,NA,NA,0.18,25,0,0,NA,0,0.001257,NA,5,NA,NA,NA,"polymorphism",NA,NA,NA,0,0,NA,"COVERAGE_EVENNESS_SKEW,FREQUENCY_CUTOFF",NA,NA,NA,NA,NA,NA,NA,"gene",0,155.97,"xisF5/pf5r","intergenic (-103/-25)","Pf5 prophage excisionase, XisF5/Pf5 repressor C","</>","PA14_49010/PA14_49020",9,4353234,145,23210,0,"NC_008463.1",1,"gene",0,128.72,"PA14_49030/PA14_49040","intergenic (+69/-907)","hypothetical protein/hypothetical protein",">/>","PA14_49030/PA14_49040",0,4354914,136,17967,0,"NC_008463.1",1,NA,NA,NA,NA,-1,"output",NA,NA,25,NA,"JC",NA,"lasR_pf5r_SRR17205267",NA,NA,NA,NA,NA,0
NA,NA,NA,0,NA,NA,NA,NA,NA,NA,NA,NA,9135,7801,NA,NA,NA,151,151,1,NA,NA,NA,NA,NA,NA,NA,NA,NA,145,"NC_008463.1__4353489__1__NC_008463.1__4353504__-1__0____151__151__0__0",NA,NA,NA,NA,NA,NA,NA,NA,NA,NA,148,148,148,74,74,74,75,75,75,290,150,148,150,NA,NA,NA,0,NA,NA,NA,114.69,17068,0,0,NA,0,0.8672,NA,226,NA,NA,NA,"consensus",NA,NA,NA,0,0,NA,NA,NA,NA,NA,NA,NA,NA,NA,"gene",0,18.61,"pf5r","coding (231/267 nt)","Pf5 repressor C",">","PA14_49020",0,4353489,145,2770,0,"NC_008463.1",1,"gene",0,16.51,"pf5r","coding (246/267 nt)","Pf5 repressor C",">","PA14_49020",0,4353504,145,2457,0,"NC_008463.1",-1,NA,NA,NA,NA,-1,"output",NA,NA,16936,NA,"JC",NA,"lasR_pf5r_SRR17205267",NA,NA,NA,NA,NA,0
NA,NA,NA,11,NA,NA,NA,NA,NA,NA,NA,NA,12,23,NA,NA,NA,151,151,0.001924,NA,NA,NA,NA,NA,NA,NA,NA,NA,134,"NC_008463.1__4354694__1__NC_008463.1__4355469__1__11____151__151__0__0",NA,NA,NA,NA,NA,NA,NA,NA,NA,NA,116,115,116,59,59,32,22,22,22,268,131,82,131,NA,NA,NA,4.3,NA,NA,NA,0.25,35,0,0,NA,0,0.001924,NA,10,NA,NA,NA,"polymorphism",NA,NA,NA,0,0,NA,"COVERAGE_EVENNESS_SKEW,FREQUENCY_CUTOFF",NA,NA,NA,NA,NA,NA,NA,"gene",0,121.47,"PA14_49030","coding (881/1032 nt)","hypothetical protein",">","PA14_49030",11,4354694,145,18076,0,"NC_008463.1",1,"gene",0,142.54,"PA14_49030/PA14_49040","intergenic (+635/-341)","hypothetical protein/hypothetical protein",">/>","PA14_49030/PA14_49040",0,4355480,134,19603,0,"NC_008463.1",1,NA,NA,NA,NA,-1,"output",NA,NA,35,NA,"JC",NA,"lasR_pf5r_SRR17205267",NA,NA,NA,NA,NA,0
NA,NA,NA,10,NA,NA,NA,NA,NA,NA,NA,NA,59,11,NA,NA,NA,151,151,0.003201,NA,NA,NA,NA,NA,NA,NA,NA,NA,135,"NC_008463.1__4355584__1__NC_008463.1__4355608__1__10____151__151__0__0",NA,NA,NA,NA,NA,NA,NA,NA,NA,NA,136,136,129,17,17,15,3,3,3,270,135,125,135,NA,NA,NA,4.6,NA,NA,NA,0.53,73,0,0,NA,0,0.003201,NA,9,NA,NA,NA,"polymorphism",NA,NA,NA,0,0,NA,"COVERAGE_EVENNESS_SKEW,FREQUENCY_CUTOFF",NA,NA,NA,NA,NA,NA,NA,"gene",0,163.92,"PA14_49030/PA14_49040","intergenic (+739/-237)","hypothetical protein/hypothetical protein",">/>","PA14_49030/PA14_49040",10,4355584,145,24394,0,"NC_008463.1",1,"gene",0,164.21,"PA14_49030/PA14_49040","intergenic (+773/-203)","hypothetical protein/hypothetical protein",">/>","PA14_49030/PA14_49040",0,4355618,135,22751,0,"NC_008463.1",1,NA,NA,NA,NA,-1,"output",NA,NA,70,NA,"JC",NA,"lasR_pf5r_SRR17205267",NA,NA,NA,NA,NA,0
